ID_Proyeccion,Escenario,Fecha,Valor,Comentario
1,Base,2026-11-21,202549.08,Ajuste valido para Base
2,Base,2026-02-16,348398.07,Ajuste valido para Base
3,Pesimista,2026-06-21,473793.98,Ajuste valido para Pesimista
4,Base,2026-05-15,328834.0,Ajuste valido para Base
5,Base,2026-01-18,375709.18,Ajuste valido para Base
6,Pesimista,2026-04-25,410363.83,Ajuste valido para Pesimista
7,Base,2026-02-12,61339.28,Ajuste valido para Base
8,Pesimista,2026-03-03,19891.25,Ajuste valido para Pesimista
9,Optimista,2026-08-05,362935.57,Ajuste valido para Optimista
10,Pesimista,2026-05-17,459613.06,Ajuste valido para Pesimista
11,Base,2026-08-01,72791.51,Ajuste valido para Base
12,Pesimista,2026-04-21,264946.69,Ajuste valido para Pesimista
13,Base,2026-03-13,2139.71,Ajuste valido para Base
14,Base,2026-08-23,239358.34,Ajuste valido para Base
15,Base,2026-07-30,323854.3,Ajuste valido para Base
16,Optimista,2026-05-30,240506.02,Ajuste valido para Optimista
17,Base,2026-07-04,263078.35,Ajuste valido para Base
18,Base,2026-09-17,350900.96,Ajuste valido para Base
19,Optimista,2026-10-07,462918.03,Ajuste valido para Optimista
20,Pesimista,2026-11-19,490588.35,Ajuste valido para Pesimista
21,Pesimista,2026-07-28,367651.73,Ajuste valido para Pesimista
22,Pesimista,2026-11-23,143918.32,Ajuste valido para Pesimista
23,Base,2026-11-30,269805.42,Ajuste valido para Base
24,Base,2026-06-02,497339.17,Ajuste valido para Base
25,Pesimista,2026-02-15,179126.76,Ajuste valido para Pesimista
26,Base,2026-01-21,297044.14,Ajuste valido para Base
27,Optimista,2026-07-21,341893.72,Ajuste valido para Optimista
28,Pesimista,2026-01-11,346964.13,Ajuste valido para Pesimista
29,Optimista,2026-01-24,79534.36,Ajuste valido para Optimista
30,Pesimista,2026-01-11,379338.11,Ajuste valido para Pesimista
31,Base,2026-12-15,486002.06,Ajuste valido para Base
32,Pesimista,2026-07-24,426222.88,Ajuste valido para Pesimista
33,Optimista,2026-02-26,494604.48,Ajuste valido para Optimista
34,Optimista,2026-09-09,175075.01,Ajuste valido para Optimista
35,Base,2026-11-04,430583.9,Ajuste valido para Base
36,Optimista,2026-08-20,27395.93,Ajuste valido para Optimista
37,Pesimista,2026-11-16,107748.84,Ajuste valido para Pesimista
38,Optimista,2026-08-13,-103.7,Ajuste manual (Error provocado)
39,Optimista,2026-07-01,133851.39,Ajuste valido para Optimista
40,Base,2026-01-05,215978.73,Ajuste valido para Base
41,Pesimista,2026-03-02,39885.18,Ajuste valido para Pesimista
42,Optimista,2026-08-03,283431.24,Ajuste valido para Optimista
43,Optimista,2026-11-20,174137.89,Ajuste valido para Optimista
44,Optimista,2026-04-19,102202.11,Ajuste valido para Optimista
45,Pesimista,2026-05-19,TextoInvalido,Error tipografico
46,Optimista,2026-01-06,137356.02,Ajuste valido para Optimista
47,Optimista,2026-05-17,102340.79,Ajuste valido para Optimista
48,Pesimista,2026-07-22,41956.95,Ajuste valido para Pesimista
49,Base,2026-06-12,374912.1,Ajuste valido para Base
50,Optimista,2026-01-10,334739.43,Ajuste valido para Optimista
51,Base,2026-10-11,145592.95,Ajuste valido para Base
52,Optimista,2026-07-08,407865.48,Ajuste valido para Optimista
53,Pesimista,2026-05-28,9369.67,Ajuste valido para Pesimista
54,Optimista,2026-09-21,103027.54,Ajuste valido para Optimista
55,Pesimista,2026-02-02,,Falta valor
56,Pesimista,2026-02-11,167393.64,Ajuste valido para Pesimista
57,Pesimista,2026-06-11,479323.75,Ajuste valido para Pesimista
58,Base,2026-11-10,75186.75,Ajuste valido para Base
59,Pesimista,2026-12-29,44586.25,Ajuste valido para Pesimista
60,Pesimista,2026-05-12,481590.86,Ajuste valido para Pesimista
61,Pesimista,2026-09-18,172683.88,Ajuste valido para Pesimista
62,Base,2026-11-24,475616.17,Ajuste valido para Base
63,Optimista,2026-12-19,173316.48,Ajuste valido para Optimista
64,Base,2026-06-13,323513.13,Ajuste valido para Base
65,Pesimista,2026-07-31,136973.1,Ajuste valido para Pesimista
66,Pesimista,2026-01-19,393592.61,Ajuste valido para Pesimista
67,Pesimista,2026-04-20,125205.23,Ajuste valido para Pesimista
68,Optimista,2026-12-06,197211.35,Ajuste valido para Optimista
69,Pesimista,2026-04-23,263277.36,Ajuste valido para Pesimista
70,Optimista,2026-04-23,44843.16,Ajuste valido para Optimista
71,Base,2026-09-25,449117.49,Ajuste valido para Base
72,Optimista,2026-11-12,33004.28,Ajuste valido para Optimista
73,Optimista,2026-08-09,468196.66,Ajuste valido para Optimista
74,Base,2026-07-07,,Falta valor
75,Base,2026-12-23,358751.21,Ajuste valido para Base
76,Optimista,2026-11-21,129155.5,Ajuste valido para Optimista
77,Optimista,2026-05-21,475698.83,Ajuste valido para Optimista
78,Optimista,2026-05-23,395341.83,Ajuste valido para Optimista
79,Optimista,2026-12-12,223165.96,Ajuste valido para Optimista
80,Optimista,2026-11-29,440790.48,Ajuste valido para Optimista
81,Base,2026-02-04,101133.73,Ajuste valido para Base
82,Base,2026-05-23,80022.93,Ajuste valido para Base
83,Pesimista,2026-01-06,327390.86,Ajuste valido para Pesimista
84,Base,2026-07-02,341813.63,Ajuste valido para Base
85,Optimista,2026-09-06,293173.69,Ajuste valido para Optimista
86,Base,2026-05-22,239667.02,Ajuste valido para Base
87,Pesimista,2026-11-15,340689.58,Ajuste valido para Pesimista
88,Optimista,2026-04-23,301548.44,Ajuste valido para Optimista
89,Optimista,2026-04-23,,Falta valor
90,Optimista,2026-04-18,57663.43,Ajuste valido para Optimista
91,Pesimista,2026-03-15,29106.32,Ajuste valido para Pesimista
92,Optimista,2026-10-30,145548.81,Ajuste valido para Optimista
93,Optimista,2026-09-24,1018.51,Ajuste valido para Optimista
94,Pesimista,2026-03-02,,Falta valor
95,Pesimista,2026-11-02,104952.31,Ajuste valido para Pesimista
96,Optimista,2026-08-30,355031.47,Ajuste valido para Optimista
97,Optimista,2026-03-13,393356.35,Ajuste valido para Optimista
98,Optimista,2026-11-04,213560.86,Ajuste valido para Optimista
99,Base,2026-10-23,150636.89,Ajuste valido para Base
100,Pesimista,2026-09-28,51843.03,Ajuste valido para Pesimista
101,Optimista,2026-03-05,59428.56,Ajuste valido para Optimista
102,Base,2026-07-25,147539.05,Ajuste valido para Base
103,Pesimista,2026-09-09,443328.37,Ajuste valido para Pesimista
104,Base,2026-03-21,118363.55,Ajuste valido para Base
105,Pesimista,2026-08-12,-3429.73,Ajuste manual (Error provocado)
106,Optimista,2026-04-21,453404.14,Ajuste valido para Optimista
107,Base,2026-09-23,360625.96,Ajuste valido para Base
108,Base,2026-06-06,381836.74,Ajuste valido para Base
109,Pesimista,2026-03-20,404762.65,Ajuste valido para Pesimista
110,Base,2026-11-15,297695.57,Ajuste valido para Base
111,Pesimista,2026-01-09,-4142.83,Ajuste manual (Error provocado)
112,Pesimista,2026-03-05,,Falta valor
113,Base,2026-07-23,156804.4,Ajuste valido para Base
114,Optimista,2026-05-06,265867.8,Ajuste valido para Optimista
115,Pesimista,2026-05-05,62074.63,Ajuste valido para Pesimista
116,Base,2026-12-09,239812.68,Ajuste valido para Base
117,Optimista,2026-03-29,345754.59,Ajuste valido para Optimista
118,Optimista,2026-01-04,263175.66,Ajuste valido para Optimista
119,Base,2026-03-13,480165.35,Ajuste valido para Base
120,Optimista,2026-06-01,93681.64,Ajuste valido para Optimista
121,Pesimista,2026-01-21,347860.14,Ajuste valido para Pesimista
122,Pesimista,2026-09-21,134133.21,Ajuste valido para Pesimista
123,Optimista,2026-06-13,153126.86,Ajuste valido para Optimista
124,Pesimista,2026-08-01,-4978.33,Ajuste manual (Error provocado)
125,Pesimista,2026-05-31,243206.13,Ajuste valido para Pesimista
126,Base,2026-07-01,78162.44,Ajuste valido para Base
127,Base,2026-08-03,482086.55,Ajuste valido para Base
128,Optimista,2026-05-02,116306.59,Ajuste valido para Optimista
129,Optimista,2026-07-07,115064.63,Ajuste valido para Optimista
130,Pesimista,2026-12-27,152966.49,Ajuste valido para Pesimista
131,Pesimista,2026-06-27,465413.06,Ajuste valido para Pesimista
132,Optimista,2026-10-03,94233.48,Ajuste valido para Optimista
133,Base,2026-04-17,168150.82,Ajuste valido para Base
134,Pesimista,2026-02-02,143985.45,Ajuste valido para Pesimista
135,Pesimista,2026-10-09,217870.3,Ajuste valido para Pesimista
136,Base,2026-10-21,489174.85,Ajuste valido para Base
137,Base,2026-05-16,379144.8,Ajuste valido para Base
138,Optimista,2026-05-17,112976.98,Ajuste valido para Optimista
139,Base,2026-08-09,35404.5,Ajuste valido para Base
140,Base,2026-03-17,396814.39,Ajuste valido para Base
141,Optimista,2026-05-27,423611.91,Ajuste valido para Optimista
142,Base,2026-03-15,-3564.83,Ajuste manual (Error provocado)
143,Base,2026-07-03,32680.66,Ajuste valido para Base
144,Pesimista,2026-01-26,31899.33,Ajuste valido para Pesimista
145,Base,2026-12-21,213560.26,Ajuste valido para Base
146,Optimista,2026-01-21,416774.28,Ajuste valido para Optimista
147,Base,2026-08-04,195919.09,Ajuste valido para Base
148,Base,2026-05-02,7662.23,Ajuste valido para Base
149,Pesimista,2026-01-25,493907.47,Ajuste valido para Pesimista
150,Base,2026-10-09,TextoInvalido,Error tipografico
151,Pesimista,2026-02-23,404976.93,Ajuste valido para Pesimista
152,Pesimista,2026-09-08,129457.09,Ajuste valido para Pesimista
153,Base,2026-09-25,183381.69,Ajuste valido para Base
154,Optimista,2026-01-01,45312.0,Ajuste valido para Optimista
155,Base,2026-04-28,275136.08,Ajuste valido para Base
156,Optimista,2026-10-13,361126.98,Ajuste valido para Optimista
157,Pesimista,2026-07-23,413970.99,Ajuste valido para Pesimista
158,Base,2026-07-26,298703.93,Ajuste valido para Base
159,Optimista,2026-09-09,346150.0,Ajuste valido para Optimista
160,Pesimista,2026-02-17,277350.69,Ajuste valido para Pesimista
161,Base,2026-10-25,74519.54,Ajuste valido para Base
162,Base,2026-01-30,72635.21,Ajuste valido para Base
163,Optimista,2026-06-10,381023.02,Ajuste valido para Optimista
164,Optimista,2026-07-07,365914.02,Ajuste valido para Optimista
165,Base,2026-04-15,273675.7,Ajuste valido para Base
166,Optimista,2026-10-25,488704.8,Ajuste valido para Optimista
167,Optimista,2026-04-16,481885.05,Ajuste valido para Optimista
168,Pesimista,2026-10-17,58215.59,Ajuste valido para Pesimista
169,Optimista,2026-03-22,401135.24,Ajuste valido para Optimista
170,Optimista,2026-04-08,334920.27,Ajuste valido para Optimista
171,Base,2026-02-16,38747.03,Ajuste valido para Base
172,Pesimista,2026-12-12,45591.31,Ajuste valido para Pesimista
173,Base,2026-05-03,213544.13,Ajuste valido para Base
174,Optimista,2026-07-22,180399.57,Ajuste valido para Optimista
175,Pesimista,2026-11-15,486032.57,Ajuste valido para Pesimista
176,Base,2026-10-05,250729.59,Ajuste valido para Base
177,Pesimista,2026-12-12,8174.08,Ajuste valido para Pesimista
178,Pesimista,2026-06-22,275922.6,Ajuste valido para Pesimista
179,Base,2026-05-05,396628.96,Ajuste valido para Base
180,Optimista,2026-11-07,309659.93,Ajuste valido para Optimista
181,Optimista,2026-07-21,372974.46,Ajuste valido para Optimista
182,Optimista,2026-05-23,435229.17,Ajuste valido para Optimista
183,Optimista,2026-03-12,305669.45,Ajuste valido para Optimista
184,Base,2026-02-14,31649.21,Ajuste valido para Base
185,Base,2026-07-08,355323.43,Ajuste valido para Base
186,Base,2026-10-24,21564.31,Ajuste valido para Base
187,Pesimista,2026-05-16,50483.91,Ajuste valido para Pesimista
188,Base,2026-03-29,TextoInvalido,Error tipografico
189,Pesimista,2026-11-12,-4029.15,Ajuste manual (Error provocado)
190,Pesimista,2026-10-14,128679.41,Ajuste valido para Pesimista
191,Pesimista,2026-01-06,239137.9,Ajuste valido para Pesimista
192,Pesimista,2026-04-25,423448.23,Ajuste valido para Pesimista
193,Base,2026-02-11,,Falta valor
194,Base,2026-09-07,71598.55,Ajuste valido para Base
195,Pesimista,2026-10-01,95299.84,Ajuste valido para Pesimista
196,Optimista,2026-05-17,173932.7,Ajuste valido para Optimista
197,Pesimista,2026-01-12,484081.27,Ajuste valido para Pesimista
198,Optimista,2026-10-27,197865.44,Ajuste valido para Optimista
199,Pesimista,2026-02-11,470622.98,Ajuste valido para Pesimista
200,Pesimista,2026-02-07,41129.15,Ajuste valido para Pesimista
201,Pesimista,2026-06-17,33882.88,Ajuste valido para Pesimista
202,Pesimista,2026-05-21,367683.45,Ajuste valido para Pesimista
203,Optimista,2026-09-29,175367.85,Ajuste valido para Optimista
204,Pesimista,2026-05-04,57141.68,Ajuste valido para Pesimista
205,Pesimista,2026-10-13,210402.6,Ajuste valido para Pesimista
206,Base,2026-01-03,225877.47,Ajuste valido para Base
207,Base,2026-09-23,227702.49,Ajuste valido para Base
208,Base,2026-12-12,68629.12,Ajuste valido para Base
209,Pesimista,2026-11-05,457885.88,Ajuste valido para Pesimista
210,Base,2026-02-02,427416.62,Ajuste valido para Base
211,Base,2026-12-10,187278.52,Ajuste valido para Base
212,Optimista,2026-11-06,156495.2,Ajuste valido para Optimista
213,Base,2026-03-22,173951.11,Ajuste valido para Base
214,Pesimista,2026-06-23,185509.85,Ajuste valido para Pesimista
215,Pesimista,2026-02-21,488627.49,Ajuste valido para Pesimista
216,Pesimista,2026-03-11,21620.75,Ajuste valido para Pesimista
217,Optimista,2026-08-07,188381.55,Ajuste valido para Optimista
218,Base,2026-03-26,279869.77,Ajuste valido para Base
219,Pesimista,2026-06-13,145458.2,Ajuste valido para Pesimista
220,Optimista,2026-05-27,48822.02,Ajuste valido para Optimista
221,Base,2026-12-04,17319.69,Ajuste valido para Base
222,Optimista,2026-12-03,282052.21,Ajuste valido para Optimista
223,Pesimista,2026-11-20,2663.27,Ajuste valido para Pesimista
224,Optimista,2026-05-01,159446.2,Ajuste valido para Optimista
225,Pesimista,2026-10-13,171030.53,Ajuste valido para Pesimista
226,Pesimista,2026-01-15,388620.34,Ajuste valido para Pesimista
227,Optimista,2026-09-24,447581.9,Ajuste valido para Optimista
228,Pesimista,2026-05-20,110701.18,Ajuste valido para Pesimista
229,Pesimista,2026-12-05,476030.6,Ajuste valido para Pesimista
230,Pesimista,2026-10-21,218542.34,Ajuste valido para Pesimista
231,Pesimista,2026-09-20,130827.63,Ajuste valido para Pesimista
232,Pesimista,2026-06-08,220972.35,Ajuste valido para Pesimista
233,Pesimista,2026-10-25,152731.9,Ajuste valido para Pesimista
234,Base,2026-12-11,486689.02,Ajuste valido para Base
235,Pesimista,2026-09-14,31415.45,Ajuste valido para Pesimista
236,Pesimista,2026-10-02,155962.01,Ajuste valido para Pesimista
237,Optimista,2026-07-27,38744.79,Ajuste valido para Optimista
238,Base,2026-06-18,408568.56,Ajuste valido para Base
239,Optimista,2026-01-02,184082.57,Ajuste valido para Optimista
240,Pesimista,2026-08-30,364291.18,Ajuste valido para Pesimista
241,Base,2026-12-05,307879.54,Ajuste valido para Base
242,Base,2026-08-31,133663.14,Ajuste valido para Base
243,Optimista,2026-11-05,488497.31,Ajuste valido para Optimista
244,Base,2026-11-14,114280.87,Ajuste valido para Base
245,Pesimista,2026-02-09,191787.08,Ajuste valido para Pesimista
246,Pesimista,2026-09-22,161403.86,Ajuste valido para Pesimista
247,Pesimista,2026-04-29,70532.16,Ajuste valido para Pesimista
248,Pesimista,2026-07-03,484898.24,Ajuste valido para Pesimista
249,Optimista,2026-05-05,242196.12,Ajuste valido para Optimista
250,Base,2026-02-24,424680.88,Ajuste valido para Base
251,Pesimista,2026-02-02,433593.86,Ajuste valido para Pesimista
252,Optimista,2026-09-07,462621.05,Ajuste valido para Optimista
253,Optimista,2026-03-07,364739.71,Ajuste valido para Optimista
254,Pesimista,2026-11-10,151393.26,Ajuste valido para Pesimista
255,Optimista,2026-08-12,120097.71,Ajuste valido para Optimista
256,Pesimista,2026-07-26,401289.0,Ajuste valido para Pesimista
257,Pesimista,2026-05-29,152097.94,Ajuste valido para Pesimista
258,Base,2026-01-01,305272.07,Ajuste valido para Base
259,Base,2026-03-30,279825.84,Ajuste valido para Base
260,Pesimista,2026-09-02,470794.1,Ajuste valido para Pesimista
261,Pesimista,2026-08-07,313522.24,Ajuste valido para Pesimista
262,Base,2026-03-10,9163.66,Ajuste valido para Base
263,Pesimista,2026-07-20,33206.75,Ajuste valido para Pesimista
264,Base,2026-03-04,,Falta valor
265,Pesimista,2026-09-27,38925.79,Ajuste valido para Pesimista
266,Pesimista,2026-02-10,330266.99,Ajuste valido para Pesimista
267,Base,2027-01-01,259171.3,Ajuste valido para Base
268,Pesimista,2026-09-08,256411.54,Ajuste valido para Pesimista
269,Base,2026-05-23,,Falta valor
270,Pesimista,2026-04-26,123565.77,Ajuste valido para Pesimista
271,Optimista,2026-08-20,9274.23,Ajuste valido para Optimista
272,Base,2026-12-13,6381.46,Ajuste valido para Base
273,Optimista,2026-04-29,449013.64,Ajuste valido para Optimista
274,Optimista,2026-08-20,12623.31,Ajuste valido para Optimista
275,Optimista,2026-04-23,148289.83,Ajuste valido para Optimista
276,Optimista,2026-05-13,27636.23,Ajuste valido para Optimista
277,Pesimista,2026-09-07,113522.76,Ajuste valido para Pesimista
278,Optimista,2026-05-07,60874.47,Ajuste valido para Optimista
279,Pesimista,2026-01-30,218255.76,Ajuste valido para Pesimista
280,Base,2026-03-16,325988.47,Ajuste valido para Base
281,Optimista,2026-01-05,120242.57,Ajuste valido para Optimista
282,Pesimista,2026-03-27,447189.15,Ajuste valido para Pesimista
283,Base,2026-09-05,191746.29,Ajuste valido para Base
284,Base,2026-12-12,4895.49,Ajuste valido para Base
285,Base,2026-10-25,363574.54,Ajuste valido para Base
286,Pesimista,2026-02-12,25747.51,Ajuste valido para Pesimista
287,Optimista,2026-09-08,35630.59,Ajuste valido para Optimista
288,Optimista,2026-09-13,301852.4,Ajuste valido para Optimista
289,Pesimista,2026-12-15,316235.3,Ajuste valido para Pesimista
290,Base,2026-06-25,65462.98,Ajuste valido para Base
291,Optimista,2026-10-02,144684.02,Ajuste valido para Optimista
292,Optimista,2026-09-21,69920.04,Ajuste valido para Optimista
293,Optimista,2026-09-11,-2633.0,Ajuste manual (Error provocado)
294,Base,2026-09-26,403258.01,Ajuste valido para Base
295,Pesimista,2026-12-10,211684.81,Ajuste valido para Pesimista
296,Base,2026-08-16,142384.12,Ajuste valido para Base
297,Pesimista,2026-10-04,51476.09,Ajuste valido para Pesimista
298,Base,2026-05-15,236606.6,Ajuste valido para Base
299,Base,2026-07-26,284407.64,Ajuste valido para Base
300,Pesimista,2026-10-12,458004.61,Ajuste valido para Pesimista
301,Pesimista,2026-10-22,436223.68,Ajuste valido para Pesimista
302,Optimista,2026-06-11,72787.75,Ajuste valido para Optimista
303,Base,2026-03-25,418089.9,Ajuste valido para Base
304,Base,2026-03-26,329903.45,Ajuste valido para Base
305,Base,2026-10-08,441255.28,Ajuste valido para Base
306,Base,2026-11-25,426091.8,Ajuste valido para Base
307,Pesimista,2026-06-03,413649.16,Ajuste valido para Pesimista
308,Base,2026-01-02,76602.29,Ajuste valido para Base
309,Pesimista,2026-01-20,50975.98,Ajuste valido para Pesimista
310,Pesimista,2026-08-18,321856.63,Ajuste valido para Pesimista
311,Base,2026-03-08,57883.07,Ajuste valido para Base
312,Optimista,2026-10-30,288991.93,Ajuste valido para Optimista
313,Pesimista,2026-07-25,150113.22,Ajuste valido para Pesimista
314,Optimista,2026-07-01,1426.65,Ajuste valido para Optimista
315,Optimista,2026-04-12,46202.34,Ajuste valido para Optimista
316,Optimista,2026-11-16,415257.48,Ajuste valido para Optimista
317,Base,2026-02-22,254098.4,Ajuste valido para Base
318,Optimista,2026-08-26,95501.55,Ajuste valido para Optimista
319,Optimista,2026-09-14,71553.86,Ajuste valido para Optimista
320,Pesimista,2026-10-06,262237.68,Ajuste valido para Pesimista
321,Pesimista,2026-07-25,30499.38,Ajuste valido para Pesimista
322,Pesimista,2026-10-25,382238.89,Ajuste valido para Pesimista
323,Optimista,2026-11-22,45174.57,Ajuste valido para Optimista
324,Base,2026-05-18,381068.48,Ajuste valido para Base
325,Optimista,2026-10-07,285272.51,Ajuste valido para Optimista
326,Optimista,2026-10-02,325012.13,Ajuste valido para Optimista
327,Base,2026-07-28,130216.2,Ajuste valido para Base
328,Pesimista,2026-04-03,394078.47,Ajuste valido para Pesimista
329,Optimista,2026-06-26,95397.31,Ajuste valido para Optimista
330,Base,2026-11-27,414865.16,Ajuste valido para Base
331,Base,2026-11-24,369107.61,Ajuste valido para Base
332,Optimista,2026-08-16,288082.4,Ajuste valido para Optimista
333,Pesimista,2026-09-01,228636.97,Ajuste valido para Pesimista
334,Optimista,2026-07-03,295276.08,Ajuste valido para Optimista
335,Optimista,2026-11-23,450284.04,Ajuste valido para Optimista
336,Base,2026-04-12,288090.15,Ajuste valido para Base
337,Optimista,2026-09-23,464002.59,Ajuste valido para Optimista
338,Optimista,2026-01-18,44009.73,Ajuste valido para Optimista
339,Optimista,2026-10-31,18414.98,Ajuste valido para Optimista
340,Optimista,2026-07-15,426571.33,Ajuste valido para Optimista
341,Optimista,2026-04-21,48698.01,Ajuste valido para Optimista
342,Pesimista,2026-05-27,59371.21,Ajuste valido para Pesimista
343,Base,2026-10-26,262096.83,Ajuste valido para Base
344,Optimista,2026-07-01,326560.83,Ajuste valido para Optimista
345,Base,2026-10-07,225276.37,Ajuste valido para Base
346,Base,2026-09-03,314963.12,Ajuste valido para Base
347,Optimista,2026-05-20,193876.59,Ajuste valido para Optimista
348,Base,2026-01-22,398213.85,Ajuste valido para Base
349,Base,2026-07-02,82554.48,Ajuste valido para Base
350,Base,2026-06-18,295985.1,Ajuste valido para Base
351,Pesimista,2026-01-17,325349.63,Ajuste valido para Pesimista
352,Base,2026-12-24,341010.7,Ajuste valido para Base
353,Pesimista,2026-08-28,-2313.67,Ajuste manual (Error provocado)
354,Pesimista,2026-07-29,186480.33,Ajuste valido para Pesimista
355,Pesimista,2026-12-05,434674.11,Ajuste valido para Pesimista
356,Pesimista,2026-10-01,356828.63,Ajuste valido para Pesimista
357,Pesimista,2026-05-19,143528.02,Ajuste valido para Pesimista
358,Base,2026-06-26,TextoInvalido,Error tipografico
359,Optimista,2026-08-26,407029.73,Ajuste valido para Optimista
360,Optimista,2026-08-03,167355.64,Ajuste valido para Optimista
361,Pesimista,2026-05-09,492042.72,Ajuste valido para Pesimista
362,Optimista,2026-10-25,462734.55,Ajuste valido para Optimista
363,Base,2026-09-06,279253.76,Ajuste valido para Base
364,Base,2026-10-26,61674.42,Ajuste valido para Base
365,Base,2026-11-09,58921.64,Ajuste valido para Base
366,Optimista,2026-08-29,272935.05,Ajuste valido para Optimista
367,Base,2026-04-26,285740.99,Ajuste valido para Base
368,Base,2026-07-26,451969.28,Ajuste valido para Base
369,Optimista,2026-11-12,387215.21,Ajuste valido para Optimista
370,Base,2026-01-23,97506.77,Ajuste valido para Base
371,Pesimista,2026-07-30,342906.41,Ajuste valido para Pesimista
372,Optimista,2027-01-01,322390.77,Ajuste valido para Optimista
373,Optimista,2026-08-28,439732.95,Ajuste valido para Optimista
374,Optimista,2026-10-29,92035.71,Ajuste valido para Optimista
375,Base,2026-04-21,249013.58,Ajuste valido para Base
376,Base,2026-01-28,248905.68,Ajuste valido para Base
377,Pesimista,2026-06-24,469925.15,Ajuste valido para Pesimista
378,Optimista,2026-09-20,,Falta valor
379,Base,2026-01-08,431317.89,Ajuste valido para Base
380,Base,2026-03-09,341109.48,Ajuste valido para Base
381,Base,2026-03-20,126576.21,Ajuste valido para Base
382,Pesimista,2026-04-30,477233.11,Ajuste valido para Pesimista
383,Optimista,2026-02-22,322511.51,Ajuste valido para Optimista
384,Optimista,2026-09-18,479927.59,Ajuste valido para Optimista
385,Base,2026-10-26,253263.88,Ajuste valido para Base
386,Pesimista,2026-12-02,101718.69,Ajuste valido para Pesimista
387,Base,2026-01-24,416050.95,Ajuste valido para Base
388,Optimista,2026-07-17,367233.73,Ajuste valido para Optimista
389,Base,2026-11-11,354590.86,Ajuste valido para Base
390,Pesimista,2026-06-27,459036.41,Ajuste valido para Pesimista
391,Base,2026-09-23,272640.33,Ajuste valido para Base
392,Pesimista,2026-07-15,149036.67,Ajuste valido para Pesimista
393,Optimista,2026-10-08,94043.46,Ajuste valido para Optimista
394,Pesimista,2026-06-11,396596.49,Ajuste valido para Pesimista
395,Base,2026-05-08,339846.35,Ajuste valido para Base
396,Optimista,2026-10-14,476200.44,Ajuste valido para Optimista
397,Pesimista,2026-07-18,340611.13,Ajuste valido para Pesimista
398,Base,2026-08-12,35771.96,Ajuste valido para Base
399,Base,2026-07-25,246178.71,Ajuste valido para Base
400,Pesimista,2026-04-20,429007.43,Ajuste valido para Pesimista
401,Optimista,2026-07-24,407746.82,Ajuste valido para Optimista
402,Base,2026-10-09,410197.78,Ajuste valido para Base
403,Pesimista,2026-11-13,390281.35,Ajuste valido para Pesimista
404,Base,2026-05-21,135046.13,Ajuste valido para Base
405,Optimista,2026-09-24,39991.08,Ajuste valido para Optimista
406,Optimista,2026-05-10,486638.3,Ajuste valido para Optimista
407,Base,2026-02-26,55299.22,Ajuste valido para Base
408,Pesimista,2026-02-15,244008.55,Ajuste valido para Pesimista
409,Base,2026-05-03,352919.57,Ajuste valido para Base
410,Base,2026-09-30,406212.22,Ajuste valido para Base
411,Base,2026-09-22,109651.8,Ajuste valido para Base
412,Base,2026-07-19,197357.44,Ajuste valido para Base
413,Base,2026-06-22,411518.63,Ajuste valido para Base
414,Optimista,2026-05-13,230768.19,Ajuste valido para Optimista
415,Pesimista,2026-09-29,169736.16,Ajuste valido para Pesimista
416,Base,2026-11-12,31237.84,Ajuste valido para Base
417,Optimista,2026-02-09,-3262.34,Ajuste manual (Error provocado)
418,Pesimista,2026-02-04,327036.64,Ajuste valido para Pesimista
419,Optimista,2026-07-24,476673.44,Ajuste valido para Optimista
420,Pesimista,2026-12-17,433848.64,Ajuste valido para Pesimista
421,Pesimista,2026-02-25,485307.71,Ajuste valido para Pesimista
422,Pesimista,2026-03-04,438681.85,Ajuste valido para Pesimista
423,Base,2026-01-04,218346.59,Ajuste valido para Base
424,Pesimista,2026-02-14,94722.22,Ajuste valido para Pesimista
425,Pesimista,2026-06-09,318504.65,Ajuste valido para Pesimista
426,Optimista,2026-03-24,185677.7,Ajuste valido para Optimista
427,Optimista,2026-05-07,,Falta valor
428,Optimista,2026-06-03,181323.29,Ajuste valido para Optimista
429,Optimista,2026-11-24,60885.93,Ajuste valido para Optimista
430,Base,2026-10-09,138751.34,Ajuste valido para Base
431,Pesimista,2026-06-24,8918.8,Ajuste valido para Pesimista
432,Optimista,2026-03-11,202491.05,Ajuste valido para Optimista
433,Base,2026-06-25,216822.2,Ajuste valido para Base
434,Base,2026-12-31,431836.4,Ajuste valido para Base
435,Base,2026-07-08,365664.17,Ajuste valido para Base
436,Base,2026-03-23,492598.11,Ajuste valido para Base
437,Base,2026-10-29,411411.08,Ajuste valido para Base
438,Optimista,2026-05-29,415778.79,Ajuste valido para Optimista
439,Pesimista,2026-07-09,246081.64,Ajuste valido para Pesimista
440,Pesimista,2026-03-01,359654.66,Ajuste valido para Pesimista
441,Pesimista,2026-07-29,14507.04,Ajuste valido para Pesimista
442,Optimista,2026-06-27,67413.12,Ajuste valido para Optimista
443,Base,2026-01-27,404123.23,Ajuste valido para Base
444,Base,2026-04-16,148717.57,Ajuste valido para Base
445,Base,2026-12-16,,Falta valor
446,Base,2026-07-25,306501.9,Ajuste valido para Base
447,Optimista,2026-08-05,110905.04,Ajuste valido para Optimista
448,Base,2026-02-08,417674.63,Ajuste valido para Base
449,Base,2026-09-25,285624.64,Ajuste valido para Base
450,Optimista,2026-04-02,406042.31,Ajuste valido para Optimista
451,Pesimista,2026-01-28,190990.68,Ajuste valido para Pesimista
452,Pesimista,2026-01-05,474120.07,Ajuste valido para Pesimista
453,Base,2026-12-22,70557.55,Ajuste valido para Base
454,Optimista,2026-03-30,263869.17,Ajuste valido para Optimista
455,Optimista,2026-10-06,382132.58,Ajuste valido para Optimista
456,Pesimista,2026-09-10,245398.1,Ajuste valido para Pesimista
457,Optimista,2026-11-28,263937.09,Ajuste valido para Optimista
458,Optimista,2026-10-02,47865.02,Ajuste valido para Optimista
459,Pesimista,2026-01-26,492004.71,Ajuste valido para Pesimista
460,Pesimista,2026-11-18,33925.94,Ajuste valido para Pesimista
461,Optimista,2026-01-24,289644.65,Ajuste valido para Optimista
462,Base,2026-09-13,317652.72,Ajuste valido para Base
463,Base,2026-12-24,-3006.02,Ajuste manual (Error provocado)
464,Base,2026-04-04,215222.93,Ajuste valido para Base
465,Base,2026-07-03,238744.68,Ajuste valido para Base
466,Optimista,2026-03-28,202572.95,Ajuste valido para Optimista
467,Pesimista,2026-11-03,488687.94,Ajuste valido para Pesimista
468,Base,2026-10-22,31204.98,Ajuste valido para Base
469,Pesimista,2026-08-11,495127.89,Ajuste valido para Pesimista
470,Base,2026-10-19,47880.47,Ajuste valido para Base
471,Optimista,2026-11-08,84038.4,Ajuste valido para Optimista
472,Base,2026-08-15,448968.32,Ajuste valido para Base
473,Pesimista,2026-02-20,155792.31,Ajuste valido para Pesimista
474,Optimista,2026-11-21,224897.58,Ajuste valido para Optimista
475,Base,2026-06-04,,Falta valor
476,Pesimista,2026-12-19,33665.64,Ajuste valido para Pesimista
477,Optimista,2026-05-02,180814.95,Ajuste valido para Optimista
478,Base,2026-05-25,136026.89,Ajuste valido para Base
479,Base,2026-06-28,432589.37,Ajuste valido para Base
480,Pesimista,2026-08-01,428682.96,Ajuste valido para Pesimista
481,Optimista,2026-03-11,283748.07,Ajuste valido para Optimista
482,Base,2026-08-20,3713.02,Ajuste valido para Base
483,Pesimista,2026-01-02,456291.93,Ajuste valido para Pesimista
484,Pesimista,2026-10-20,55282.96,Ajuste valido para Pesimista
485,Optimista,2026-09-15,372176.31,Ajuste valido para Optimista
486,Optimista,2026-06-23,481490.71,Ajuste valido para Optimista
487,Pesimista,2026-08-29,234179.06,Ajuste valido para Pesimista
488,Base,2026-06-25,374631.46,Ajuste valido para Base
489,Pesimista,2026-05-07,375357.53,Ajuste valido para Pesimista
490,Optimista,2026-11-09,198427.56,Ajuste valido para Optimista
491,Optimista,2026-01-01,172913.99,Ajuste valido para Optimista
492,Pesimista,2026-10-27,276970.66,Ajuste valido para Pesimista
493,Optimista,2026-05-28,264907.15,Ajuste valido para Optimista
494,Pesimista,2026-09-10,411548.76,Ajuste valido para Pesimista
495,Optimista,2026-05-01,191082.65,Ajuste valido para Optimista
496,Base,2026-07-15,390133.23,Ajuste valido para Base
497,Optimista,2026-09-24,23507.05,Ajuste valido para Optimista
498,Base,2026-04-10,439666.75,Ajuste valido para Base
499,Pesimista,2026-08-09,325523.78,Ajuste valido para Pesimista
500,Base,2026-02-23,309541.9,Ajuste valido para Base
501,Pesimista,2026-04-06,265695.1,Ajuste valido para Pesimista
502,Base,2026-11-18,150357.73,Ajuste valido para Base
503,Pesimista,2026-03-28,299514.84,Ajuste valido para Pesimista
504,Base,2026-09-20,431975.85,Ajuste valido para Base
505,Base,2026-09-19,320910.91,Ajuste valido para Base
506,Pesimista,2026-02-13,166135.71,Ajuste valido para Pesimista
507,Base,2026-06-13,,Falta valor
508,Pesimista,2026-08-04,273912.02,Ajuste valido para Pesimista
509,Optimista,2026-01-07,374320.11,Ajuste valido para Optimista
510,Optimista,2026-05-21,327979.31,Ajuste valido para Optimista
511,Optimista,2026-01-10,77730.36,Ajuste valido para Optimista
512,Optimista,2026-12-31,207389.07,Ajuste valido para Optimista
513,Optimista,2026-12-16,492395.84,Ajuste valido para Optimista
514,Pesimista,2026-05-13,79778.13,Ajuste valido para Pesimista
515,Optimista,2026-02-25,231138.91,Ajuste valido para Optimista
516,Base,2026-12-05,90042.21,Ajuste valido para Base
517,Pesimista,2026-01-11,390306.79,Ajuste valido para Pesimista
518,Pesimista,2026-01-20,,Falta valor
519,Base,2026-05-21,35879.66,Ajuste valido para Base
520,Optimista,2026-03-09,-4457.0,Ajuste manual (Error provocado)
521,Optimista,2026-05-03,77158.69,Ajuste valido para Optimista
522,Optimista,2026-12-20,383665.35,Ajuste valido para Optimista
523,Pesimista,2026-12-19,431913.98,Ajuste valido para Pesimista
524,Base,2026-09-18,131907.78,Ajuste valido para Base
525,Optimista,2026-05-03,17853.79,Ajuste valido para Optimista
526,Optimista,2026-10-08,120600.41,Ajuste valido para Optimista
527,Base,2026-08-15,228500.65,Ajuste valido para Base
528,Base,2026-04-04,415807.92,Ajuste valido para Base
529,Pesimista,2026-02-26,150362.05,Ajuste valido para Pesimista
530,Base,2026-12-19,499473.07,Ajuste valido para Base
531,Optimista,2026-02-20,94651.45,Ajuste valido para Optimista
532,Pesimista,2026-03-29,260345.94,Ajuste valido para Pesimista
533,Base,2026-11-04,10255.83,Ajuste valido para Base
534,Pesimista,2026-06-14,219295.03,Ajuste valido para Pesimista
535,Pesimista,2026-07-17,209768.47,Ajuste valido para Pesimista
536,Optimista,2026-08-31,114486.65,Ajuste valido para Optimista
537,Pesimista,2026-12-22,114192.2,Ajuste valido para Pesimista
538,Optimista,2026-09-19,,Falta valor
539,Base,2026-09-03,52362.61,Ajuste valido para Base
540,Base,2026-11-26,103629.29,Ajuste valido para Base
541,Pesimista,2026-11-27,202061.47,Ajuste valido para Pesimista
542,Pesimista,2026-08-29,268887.65,Ajuste valido para Pesimista
543,Optimista,2026-08-05,317700.43,Ajuste valido para Optimista
544,Optimista,2026-07-16,404619.79,Ajuste valido para Optimista
545,Pesimista,2026-03-18,238001.58,Ajuste valido para Pesimista
546,Pesimista,2026-12-26,244097.66,Ajuste valido para Pesimista
547,Pesimista,2026-08-02,261484.79,Ajuste valido para Pesimista
548,Optimista,2026-05-31,223748.13,Ajuste valido para Optimista
549,Optimista,2026-03-07,216706.37,Ajuste valido para Optimista
550,Optimista,2026-01-29,TextoInvalido,Error tipografico
551,Pesimista,2026-11-08,393676.61,Ajuste valido para Pesimista
552,Pesimista,2026-05-12,265703.57,Ajuste valido para Pesimista
553,Base,2026-04-09,3469.15,Ajuste valido para Base
554,Base,2026-05-16,416926.07,Ajuste valido para Base
555,Base,2026-01-11,303023.62,Ajuste valido para Base
556,Pesimista,2026-06-08,2116.69,Ajuste valido para Pesimista
557,Pesimista,2026-06-05,372378.96,Ajuste valido para Pesimista
558,Optimista,2026-08-13,108258.69,Ajuste valido para Optimista
559,Optimista,2026-07-21,300894.37,Ajuste valido para Optimista
560,Optimista,2026-10-30,234139.89,Ajuste valido para Optimista
561,Optimista,2026-03-30,468562.17,Ajuste valido para Optimista
562,Optimista,2026-03-29,254480.21,Ajuste valido para Optimista
563,Optimista,2026-04-06,349105.87,Ajuste valido para Optimista
564,Pesimista,2026-10-28,359416.91,Ajuste valido para Pesimista
565,Optimista,2026-09-16,462759.26,Ajuste valido para Optimista
566,Optimista,2026-01-02,314584.0,Ajuste valido para Optimista
567,Base,2026-05-27,183382.05,Ajuste valido para Base
568,Pesimista,2026-01-18,330183.62,Ajuste valido para Pesimista
569,Optimista,2026-08-18,313770.79,Ajuste valido para Optimista
570,Pesimista,2026-06-02,75641.0,Ajuste valido para Pesimista
571,Optimista,2026-12-12,359103.88,Ajuste valido para Optimista
572,Optimista,2026-08-23,421200.78,Ajuste valido para Optimista
573,Base,2026-02-19,335677.18,Ajuste valido para Base
574,Base,2026-03-20,288384.53,Ajuste valido para Base
575,Optimista,2026-09-09,1099.7,Ajuste valido para Optimista
576,Pesimista,2026-04-13,110691.17,Ajuste valido para Pesimista
577,Pesimista,2026-09-10,341874.1,Ajuste valido para Pesimista
578,Base,2026-07-10,419575.85,Ajuste valido para Base
579,Pesimista,2026-08-06,167180.88,Ajuste valido para Pesimista
580,Optimista,2026-04-23,465552.39,Ajuste valido para Optimista
581,Pesimista,2026-10-06,,Falta valor
582,Pesimista,2026-05-28,198955.01,Ajuste valido para Pesimista
583,Pesimista,2026-03-27,121104.28,Ajuste valido para Pesimista
584,Optimista,2026-05-03,337902.12,Ajuste valido para Optimista
585,Optimista,2026-02-12,395059.82,Ajuste valido para Optimista
586,Optimista,2026-04-09,225524.77,Ajuste valido para Optimista
587,Pesimista,2026-12-14,,Falta valor
588,Pesimista,2026-10-11,332729.73,Ajuste valido para Pesimista
589,Pesimista,2026-03-06,229739.49,Ajuste valido para Pesimista
590,Pesimista,2026-03-21,378694.38,Ajuste valido para Pesimista
591,Base,2026-12-23,249922.16,Ajuste valido para Base
592,Optimista,2026-06-09,328480.74,Ajuste valido para Optimista
593,Base,2026-11-08,496124.76,Ajuste valido para Base
594,Base,2026-09-02,,Falta valor
595,Optimista,2026-03-12,435984.51,Ajuste valido para Optimista
596,Base,2026-08-12,123798.45,Ajuste valido para Base
597,Pesimista,2026-11-01,139805.76,Ajuste valido para Pesimista
598,Base,2026-06-11,495015.75,Ajuste valido para Base
599,Pesimista,2026-08-02,422349.88,Ajuste valido para Pesimista
600,Pesimista,2026-08-18,352562.71,Ajuste valido para Pesimista
601,Optimista,2026-06-06,290183.2,Ajuste valido para Optimista
602,Base,2026-12-29,254954.5,Ajuste valido para Base
603,Optimista,2026-10-27,475551.27,Ajuste valido para Optimista
604,Optimista,2026-06-13,60253.14,Ajuste valido para Optimista
605,Base,2026-09-12,281370.7,Ajuste valido para Base
606,Optimista,2026-07-19,55897.56,Ajuste valido para Optimista
607,Base,2026-05-29,240946.69,Ajuste valido para Base
608,Optimista,2026-04-15,380451.13,Ajuste valido para Optimista
609,Pesimista,2026-04-16,410611.15,Ajuste valido para Pesimista
610,Pesimista,2026-06-28,236209.61,Ajuste valido para Pesimista
611,Pesimista,2026-07-26,130671.73,Ajuste valido para Pesimista
612,Pesimista,2026-08-21,200075.68,Ajuste valido para Pesimista
613,Optimista,2026-04-23,293449.25,Ajuste valido para Optimista
614,Optimista,2026-02-10,358387.21,Ajuste valido para Optimista
615,Optimista,2026-05-11,430322.9,Ajuste valido para Optimista
616,Optimista,2026-09-10,497067.01,Ajuste valido para Optimista
617,Optimista,2026-05-14,376728.97,Ajuste valido para Optimista
618,Base,2027-01-01,159852.53,Ajuste valido para Base
619,Pesimista,2026-02-10,152272.05,Ajuste valido para Pesimista
620,Pesimista,2026-12-16,285175.92,Ajuste valido para Pesimista
621,Pesimista,2026-09-19,224666.98,Ajuste valido para Pesimista
622,Optimista,2026-01-23,144085.48,Ajuste valido para Optimista
623,Optimista,2026-09-24,144311.95,Ajuste valido para Optimista
624,Pesimista,2026-01-29,489039.61,Ajuste valido para Pesimista
625,Pesimista,2026-12-31,347196.12,Ajuste valido para Pesimista
626,Base,2026-02-28,73961.91,Ajuste valido para Base
627,Base,2026-09-23,131137.7,Ajuste valido para Base
628,Pesimista,2026-10-22,136920.47,Ajuste valido para Pesimista
629,Pesimista,2026-07-27,170356.91,Ajuste valido para Pesimista
630,Base,2026-04-26,230916.21,Ajuste valido para Base
631,Base,2026-09-07,149960.64,Ajuste valido para Base
632,Base,2026-11-28,,Falta valor
633,Pesimista,2026-12-17,443321.82,Ajuste valido para Pesimista
634,Pesimista,2026-08-11,241372.53,Ajuste valido para Pesimista
635,Optimista,2026-07-21,335877.72,Ajuste valido para Optimista
636,Base,2026-04-05,417389.14,Ajuste valido para Base
637,Base,2026-07-23,321836.67,Ajuste valido para Base
638,Pesimista,2026-10-01,157153.16,Ajuste valido para Pesimista
639,Pesimista,2026-07-26,8364.11,Ajuste valido para Pesimista
640,Base,2026-11-12,,Falta valor
641,Optimista,2026-06-27,133970.5,Ajuste valido para Optimista
642,Pesimista,2026-03-18,301171.57,Ajuste valido para Pesimista
643,Base,2026-11-28,223568.41,Ajuste valido para Base
644,Optimista,2026-10-11,119547.42,Ajuste valido para Optimista
645,Base,2026-06-28,107400.58,Ajuste valido para Base
646,Optimista,2026-04-06,346140.43,Ajuste valido para Optimista
647,Optimista,2026-05-22,379798.99,Ajuste valido para Optimista
648,Pesimista,2026-02-19,436779.63,Ajuste valido para Pesimista
649,Optimista,2026-05-27,142201.73,Ajuste valido para Optimista
650,Base,2026-11-09,3027.92,Ajuste valido para Base
651,Optimista,2026-03-26,125336.9,Ajuste valido para Optimista
652,Base,2026-08-18,163827.61,Ajuste valido para Base
653,Optimista,2026-06-22,72049.56,Ajuste valido para Optimista
654,Optimista,2026-04-15,7432.84,Ajuste valido para Optimista
655,Optimista,2026-06-14,39069.94,Ajuste valido para Optimista
656,Optimista,2026-11-25,185259.4,Ajuste valido para Optimista
657,Optimista,2026-12-25,128590.88,Ajuste valido para Optimista
658,Base,2026-07-11,230475.56,Ajuste valido para Base
659,Base,2026-06-01,194263.53,Ajuste valido para Base
660,Pesimista,2026-05-24,38416.69,Ajuste valido para Pesimista
661,Optimista,2026-09-29,145763.53,Ajuste valido para Optimista
662,Pesimista,2026-02-07,295392.66,Ajuste valido para Pesimista
663,Optimista,2026-04-27,197290.37,Ajuste valido para Optimista
664,Optimista,2026-12-21,409899.31,Ajuste valido para Optimista
665,Optimista,2026-08-24,41081.68,Ajuste valido para Optimista
666,Optimista,2026-05-06,33773.11,Ajuste valido para Optimista
667,Base,2026-06-14,104645.8,Ajuste valido para Base
668,Base,2026-06-04,292403.84,Ajuste valido para Base
669,Base,2026-05-15,29558.21,Ajuste valido para Base
670,Pesimista,2026-04-03,460628.16,Ajuste valido para Pesimista
671,Optimista,2026-07-04,427304.5,Ajuste valido para Optimista
672,Optimista,2026-02-27,248128.29,Ajuste valido para Optimista
673,Base,2026-10-30,245845.58,Ajuste valido para Base
674,Pesimista,2026-02-13,328012.4,Ajuste valido para Pesimista
675,Pesimista,2026-08-08,262602.45,Ajuste valido para Pesimista
676,Pesimista,2026-03-16,260953.07,Ajuste valido para Pesimista
677,Optimista,2026-06-22,68225.01,Ajuste valido para Optimista
678,Base,2026-09-23,-1621.93,Ajuste manual (Error provocado)
679,Optimista,2026-05-17,137509.86,Ajuste valido para Optimista
680,Optimista,2026-05-30,-3758.81,Ajuste manual (Error provocado)
681,Pesimista,2026-02-07,346965.87,Ajuste valido para Pesimista
682,Optimista,2026-02-27,454345.6,Ajuste valido para Optimista
683,Pesimista,2026-01-24,151211.42,Ajuste valido para Pesimista
684,Base,2026-04-17,213473.23,Ajuste valido para Base
685,Pesimista,2026-11-16,451300.46,Ajuste valido para Pesimista
686,Pesimista,2026-02-21,496170.59,Ajuste valido para Pesimista
687,Optimista,2026-01-27,360099.55,Ajuste valido para Optimista
688,Optimista,2026-06-07,115931.58,Ajuste valido para Optimista
689,Base,2026-07-04,292591.62,Ajuste valido para Base
690,Pesimista,2026-07-22,229495.47,Ajuste valido para Pesimista
691,Pesimista,2026-02-21,213860.07,Ajuste valido para Pesimista
692,Base,2026-01-11,460285.46,Ajuste valido para Base
693,Base,2026-07-10,35163.53,Ajuste valido para Base
694,Optimista,2026-01-01,37749.73,Ajuste valido para Optimista
695,Optimista,2026-01-06,27531.6,Ajuste valido para Optimista
696,Pesimista,2026-07-07,11953.56,Ajuste valido para Pesimista
697,Optimista,2026-05-07,273384.18,Ajuste valido para Optimista
698,Optimista,2026-10-04,208958.09,Ajuste valido para Optimista
699,Pesimista,2026-02-14,429376.3,Ajuste valido para Pesimista
700,Optimista,2026-08-31,-2304.17,Ajuste manual (Error provocado)
701,Optimista,2026-04-17,95171.88,Ajuste valido para Optimista
702,Optimista,2026-05-10,6818.88,Ajuste valido para Optimista
703,Optimista,2026-09-20,310882.39,Ajuste valido para Optimista
704,Base,2026-11-10,90374.17,Ajuste valido para Base
705,Optimista,2026-10-12,237556.61,Ajuste valido para Optimista
706,Pesimista,2026-11-26,134112.08,Ajuste valido para Pesimista
707,Optimista,2026-02-01,409789.94,Ajuste valido para Optimista
708,Pesimista,2026-04-16,498860.26,Ajuste valido para Pesimista
709,Base,2026-07-01,206560.64,Ajuste valido para Base
710,Optimista,2026-11-29,493000.24,Ajuste valido para Optimista
711,Pesimista,2026-04-12,441863.17,Ajuste valido para Pesimista
712,Base,2026-05-06,282824.92,Ajuste valido para Base
713,Base,2026-03-07,238604.62,Ajuste valido para Base
714,Base,2026-06-29,64089.1,Ajuste valido para Base
715,Optimista,2026-08-15,-1976.59,Ajuste manual (Error provocado)
716,Base,2026-08-23,194569.25,Ajuste valido para Base
717,Pesimista,2026-02-25,349193.38,Ajuste valido para Pesimista
718,Optimista,2026-10-05,372645.66,Ajuste valido para Optimista
719,Base,2026-12-27,23215.4,Ajuste valido para Base
720,Base,2026-10-24,215952.9,Ajuste valido para Base
721,Optimista,2026-12-29,294157.5,Ajuste valido para Optimista
722,Optimista,2026-03-26,157549.54,Ajuste valido para Optimista
723,Base,2026-08-04,410338.58,Ajuste valido para Base
724,Optimista,2026-01-30,287944.82,Ajuste valido para Optimista
725,Pesimista,2026-07-28,50831.77,Ajuste valido para Pesimista
726,Base,2026-08-29,461244.93,Ajuste valido para Base
727,Pesimista,2026-12-29,429315.06,Ajuste valido para Pesimista
728,Base,2026-12-22,54390.89,Ajuste valido para Base
729,Pesimista,2026-08-02,29420.5,Ajuste valido para Pesimista
730,Pesimista,2026-07-30,298526.71,Ajuste valido para Pesimista
731,Pesimista,2026-11-17,249520.07,Ajuste valido para Pesimista
732,Optimista,2026-01-09,399288.4,Ajuste valido para Optimista
733,Base,2026-11-12,102919.05,Ajuste valido para Base
734,Optimista,2026-12-26,397043.24,Ajuste valido para Optimista
735,Base,2026-03-22,427809.08,Ajuste valido para Base
736,Pesimista,2026-03-01,284129.45,Ajuste valido para Pesimista
737,Base,2026-01-12,145557.79,Ajuste valido para Base
738,Optimista,2026-07-17,177843.64,Ajuste valido para Optimista
739,Optimista,2026-06-05,287252.53,Ajuste valido para Optimista
740,Optimista,2026-11-17,172563.12,Ajuste valido para Optimista
741,Optimista,2026-02-10,439833.44,Ajuste valido para Optimista
742,Pesimista,2027-01-01,-1119.2,Ajuste manual (Error provocado)
743,Base,2026-11-26,112729.5,Ajuste valido para Base
744,Pesimista,2026-12-04,425931.55,Ajuste valido para Pesimista
745,Optimista,2026-08-16,260537.83,Ajuste valido para Optimista
746,Pesimista,2026-05-12,,Falta valor
747,Optimista,2026-10-05,226785.44,Ajuste valido para Optimista
748,Pesimista,2026-12-18,205237.78,Ajuste valido para Pesimista
749,Optimista,2026-05-11,197843.05,Ajuste valido para Optimista
750,Pesimista,2026-08-26,83178.61,Ajuste valido para Pesimista
751,Optimista,2026-01-24,274993.94,Ajuste valido para Optimista
752,Pesimista,2026-03-28,237470.91,Ajuste valido para Pesimista
753,Optimista,2026-06-06,414351.91,Ajuste valido para Optimista
754,Base,2026-04-07,16613.14,Ajuste valido para Base
755,Base,2026-08-28,462381.05,Ajuste valido para Base
756,Base,2026-04-20,181092.78,Ajuste valido para Base
757,Base,2026-03-29,332387.45,Ajuste valido para Base
758,Base,2026-05-31,284454.73,Ajuste valido para Base
759,Base,2026-05-28,102013.32,Ajuste valido para Base
760,Base,2026-11-29,452757.82,Ajuste valido para Base
761,Base,2026-10-26,97133.98,Ajuste valido para Base
762,Optimista,2026-11-14,351790.7,Ajuste valido para Optimista
763,Pesimista,2026-10-24,21859.88,Ajuste valido para Pesimista
764,Base,2026-07-18,380067.46,Ajuste valido para Base
765,Optimista,2026-05-03,21327.26,Ajuste valido para Optimista
766,Optimista,2026-05-15,226037.82,Ajuste valido para Optimista
767,Pesimista,2026-06-05,434793.13,Ajuste valido para Pesimista
768,Pesimista,2026-02-23,445721.12,Ajuste valido para Pesimista
769,Pesimista,2026-08-18,58009.58,Ajuste valido para Pesimista
770,Pesimista,2026-09-04,410203.54,Ajuste valido para Pesimista
771,Base,2026-10-26,44236.01,Ajuste valido para Base
772,Optimista,2026-11-18,371853.46,Ajuste valido para Optimista
773,Base,2026-07-29,323864.68,Ajuste valido para Base
774,Pesimista,2026-07-25,314494.11,Ajuste valido para Pesimista
775,Optimista,2026-05-01,423449.86,Ajuste valido para Optimista
776,Pesimista,2026-07-27,-3797.3,Ajuste manual (Error provocado)
777,Base,2026-03-20,124600.51,Ajuste valido para Base
778,Base,2026-04-08,21255.03,Ajuste valido para Base
779,Pesimista,2026-12-18,298592.86,Ajuste valido para Pesimista
780,Optimista,2026-12-02,216527.81,Ajuste valido para Optimista
781,Pesimista,2026-01-31,35136.91,Ajuste valido para Pesimista
782,Optimista,2026-07-19,32594.1,Ajuste valido para Optimista
783,Pesimista,2026-06-12,29628.12,Ajuste valido para Pesimista
784,Base,2026-12-26,456335.97,Ajuste valido para Base
785,Base,2026-02-05,321582.5,Ajuste valido para Base
786,Base,2026-04-07,94300.26,Ajuste valido para Base
787,Pesimista,2026-11-04,441832.95,Ajuste valido para Pesimista
788,Optimista,2026-10-31,366629.02,Ajuste valido para Optimista
789,Optimista,2026-04-10,32083.41,Ajuste valido para Optimista
790,Base,2026-11-11,314609.25,Ajuste valido para Base
791,Base,2026-03-11,,Falta valor
792,Base,2026-07-13,328613.43,Ajuste valido para Base
793,Optimista,2026-07-02,108350.63,Ajuste valido para Optimista
794,Base,2026-08-06,-470.9,Ajuste manual (Error provocado)
795,Base,2026-02-16,364995.39,Ajuste valido para Base
796,Optimista,2026-02-19,252019.16,Ajuste valido para Optimista
797,Optimista,2026-06-01,133965.75,Ajuste valido para Optimista
798,Base,2026-07-24,101371.71,Ajuste valido para Base
799,Pesimista,2026-11-22,436097.5,Ajuste valido para Pesimista
800,Pesimista,2026-07-18,300674.41,Ajuste valido para Pesimista
801,Base,2026-11-08,91035.25,Ajuste valido para Base
802,Base,2026-07-31,147349.51,Ajuste valido para Base
803,Base,2026-03-01,27737.28,Ajuste valido para Base
804,Pesimista,2026-12-08,4417.7,Ajuste valido para Pesimista
805,Pesimista,2026-02-27,271644.36,Ajuste valido para Pesimista
806,Pesimista,2026-11-16,459187.05,Ajuste valido para Pesimista
807,Pesimista,2026-01-01,194258.92,Ajuste valido para Pesimista
808,Base,2026-12-18,80279.66,Ajuste valido para Base
809,Base,2026-06-18,TextoInvalido,Error tipografico
810,Optimista,2026-11-15,496878.31,Ajuste valido para Optimista
811,Pesimista,2026-02-06,410923.36,Ajuste valido para Pesimista
812,Optimista,2026-03-04,332063.45,Ajuste valido para Optimista
813,Pesimista,2026-10-08,491690.71,Ajuste valido para Pesimista
814,Base,2026-10-02,353783.21,Ajuste valido para Base
815,Pesimista,2026-09-29,71068.12,Ajuste valido para Pesimista
816,Pesimista,2026-06-03,140853.25,Ajuste valido para Pesimista
817,Optimista,2026-08-04,24471.51,Ajuste valido para Optimista
818,Base,2026-03-31,337745.19,Ajuste valido para Base
819,Pesimista,2026-01-14,50623.69,Ajuste valido para Pesimista
820,Base,2026-09-07,335451.87,Ajuste valido para Base
821,Base,2026-01-08,71819.73,Ajuste valido para Base
822,Pesimista,2026-05-01,156969.76,Ajuste valido para Pesimista
823,Base,2026-06-08,418392.36,Ajuste valido para Base
824,Pesimista,2026-02-28,143527.42,Ajuste valido para Pesimista
825,Optimista,2026-07-22,229945.78,Ajuste valido para Optimista
826,Pesimista,2026-07-04,149139.28,Ajuste valido para Pesimista
827,Base,2026-07-15,377080.66,Ajuste valido para Base
828,Pesimista,2026-10-30,358552.02,Ajuste valido para Pesimista
829,Base,2026-05-27,289107.0,Ajuste valido para Base
830,Base,2026-03-14,21710.5,Ajuste valido para Base
831,Base,2026-03-12,233817.7,Ajuste valido para Base
832,Base,2026-05-05,413666.85,Ajuste valido para Base
833,Optimista,2026-06-06,177124.29,Ajuste valido para Optimista
834,Pesimista,2026-12-01,240395.61,Ajuste valido para Pesimista
835,Optimista,2026-06-18,256783.73,Ajuste valido para Optimista
836,Base,2026-11-28,105049.14,Ajuste valido para Base
837,Optimista,2026-01-29,345305.49,Ajuste valido para Optimista
838,Base,2026-07-13,288531.9,Ajuste valido para Base
839,Optimista,2026-04-08,179767.31,Ajuste valido para Optimista
840,Base,2026-10-10,236707.06,Ajuste valido para Base
841,Optimista,2026-07-19,,Falta valor
842,Base,2026-02-24,472019.09,Ajuste valido para Base
843,Base,2026-04-22,460689.63,Ajuste valido para Base
844,Optimista,2026-01-23,354407.91,Ajuste valido para Optimista
845,Base,2026-07-21,388188.73,Ajuste valido para Base
846,Pesimista,2026-08-24,26161.62,Ajuste valido para Pesimista
847,Optimista,2026-08-27,230015.93,Ajuste valido para Optimista
848,Pesimista,2026-09-14,250552.41,Ajuste valido para Pesimista
849,Base,2026-10-28,115983.71,Ajuste valido para Base
850,Base,2026-12-03,29589.27,Ajuste valido para Base
851,Pesimista,2026-03-29,13480.37,Ajuste valido para Pesimista
852,Base,2026-08-21,449233.45,Ajuste valido para Base
853,Pesimista,2026-10-06,300087.69,Ajuste valido para Pesimista
854,Pesimista,2026-03-17,167789.93,Ajuste valido para Pesimista
855,Base,2026-06-25,58133.22,Ajuste valido para Base
856,Optimista,2026-03-22,99222.39,Ajuste valido para Optimista
857,Optimista,2026-04-29,489661.01,Ajuste valido para Optimista
858,Pesimista,2026-03-05,154235.38,Ajuste valido para Pesimista
859,Optimista,2026-09-04,13764.46,Ajuste valido para Optimista
860,Base,2026-06-16,200484.78,Ajuste valido para Base
861,Pesimista,2026-10-21,208295.93,Ajuste valido para Pesimista
862,Optimista,2026-12-27,139295.59,Ajuste valido para Optimista
863,Optimista,2026-07-31,155763.25,Ajuste valido para Optimista
864,Optimista,2026-08-03,366608.21,Ajuste valido para Optimista
865,Base,2026-08-15,89040.38,Ajuste valido para Base
866,Optimista,2026-02-25,263456.92,Ajuste valido para Optimista
867,Base,2026-06-22,250349.83,Ajuste valido para Base
868,Optimista,2026-05-30,348308.61,Ajuste valido para Optimista
869,Base,2026-06-04,,Falta valor
870,Pesimista,2026-01-01,429046.9,Ajuste valido para Pesimista
871,Base,2026-06-07,155931.0,Ajuste valido para Base
872,Pesimista,2026-05-21,45392.45,Ajuste valido para Pesimista
873,Pesimista,2026-04-30,19241.43,Ajuste valido para Pesimista
874,Optimista,2026-06-19,65097.51,Ajuste valido para Optimista
875,Optimista,2026-10-28,99561.97,Ajuste valido para Optimista
876,Pesimista,2026-09-07,1953.82,Ajuste valido para Pesimista
877,Base,2026-02-26,TextoInvalido,Error tipografico
878,Optimista,2026-02-02,253817.65,Ajuste valido para Optimista
879,Base,2026-01-31,269907.51,Ajuste valido para Base
880,Optimista,2026-06-28,78771.52,Ajuste valido para Optimista
881,Base,2026-02-10,246780.62,Ajuste valido para Base
882,Pesimista,2026-04-05,5654.49,Ajuste valido para Pesimista
883,Optimista,2026-11-20,366312.43,Ajuste valido para Optimista
884,Pesimista,2026-08-12,471792.76,Ajuste valido para Pesimista
885,Optimista,2026-08-26,144631.23,Ajuste valido para Optimista
886,Base,2026-04-23,189023.31,Ajuste valido para Base
887,Pesimista,2026-01-22,498072.42,Ajuste valido para Pesimista
888,Pesimista,2026-07-18,125850.96,Ajuste valido para Pesimista
889,Pesimista,2026-09-13,280841.02,Ajuste valido para Pesimista
890,Pesimista,2026-12-11,9703.25,Ajuste valido para Pesimista
891,Base,2026-01-24,107478.0,Ajuste valido para Base
892,Optimista,2026-07-15,64559.97,Ajuste valido para Optimista
893,Pesimista,2026-08-11,485705.36,Ajuste valido para Pesimista
894,Base,2026-03-28,96515.57,Ajuste valido para Base
895,Base,2026-07-23,382343.74,Ajuste valido para Base
896,Pesimista,2026-12-17,56761.87,Ajuste valido para Pesimista
897,Optimista,2026-12-17,227353.78,Ajuste valido para Optimista
898,Optimista,2026-08-24,265058.81,Ajuste valido para Optimista
899,Pesimista,2026-06-13,486601.68,Ajuste valido para Pesimista
900,Pesimista,2026-03-07,115504.75,Ajuste valido para Pesimista
901,Optimista,2026-10-07,299092.14,Ajuste valido para Optimista
902,Optimista,2026-03-04,-1498.6,Ajuste manual (Error provocado)
903,Base,2026-04-07,431050.92,Ajuste valido para Base
904,Pesimista,2026-02-06,87093.7,Ajuste valido para Pesimista
905,Pesimista,2026-04-26,270883.15,Ajuste valido para Pesimista
906,Pesimista,2026-02-17,,Falta valor
907,Pesimista,2026-03-10,399357.58,Ajuste valido para Pesimista
908,Optimista,2026-12-25,16750.86,Ajuste valido para Optimista
909,Pesimista,2026-10-02,279668.0,Ajuste valido para Pesimista
910,Optimista,2026-06-13,220084.25,Ajuste valido para Optimista
911,Base,2026-08-11,482453.6,Ajuste valido para Base
912,Base,2026-08-14,273713.68,Ajuste valido para Base
913,Pesimista,2026-01-26,166295.55,Ajuste valido para Pesimista
914,Base,2026-05-30,-1324.4,Ajuste manual (Error provocado)
915,Pesimista,2026-01-12,292041.74,Ajuste valido para Pesimista
916,Optimista,2026-03-01,448762.88,Ajuste valido para Optimista
917,Pesimista,2026-09-15,274828.93,Ajuste valido para Pesimista
918,Base,2026-03-01,138031.87,Ajuste valido para Base
919,Optimista,2026-01-27,256325.36,Ajuste valido para Optimista
920,Pesimista,2026-09-19,161514.13,Ajuste valido para Pesimista
921,Pesimista,2026-03-21,207548.48,Ajuste valido para Pesimista
922,Pesimista,2026-11-02,228992.68,Ajuste valido para Pesimista
923,Pesimista,2026-06-28,242524.53,Ajuste valido para Pesimista
924,Base,2026-03-16,110535.33,Ajuste valido para Base
925,Base,2026-06-23,452300.65,Ajuste valido para Base
926,Optimista,2026-10-25,312789.87,Ajuste valido para Optimista
927,Optimista,2026-08-04,180028.98,Ajuste valido para Optimista
928,Pesimista,2026-12-24,450082.8,Ajuste valido para Pesimista
929,Pesimista,2026-10-10,73740.29,Ajuste valido para Pesimista
930,Base,2026-03-09,58027.39,Ajuste valido para Base
931,Base,2026-09-18,-4356.78,Ajuste manual (Error provocado)
932,Base,2026-01-26,269990.63,Ajuste valido para Base
933,Pesimista,2026-09-09,233062.58,Ajuste valido para Pesimista
934,Optimista,2026-11-04,495259.42,Ajuste valido para Optimista
935,Optimista,2026-05-30,339054.02,Ajuste valido para Optimista
936,Base,2026-07-30,460483.31,Ajuste valido para Base
937,Optimista,2026-04-27,178085.37,Ajuste valido para Optimista
938,Pesimista,2026-07-25,284123.11,Ajuste valido para Pesimista
939,Base,2026-04-30,111847.23,Ajuste valido para Base
940,Optimista,2026-07-03,TextoInvalido,Error tipografico
941,Optimista,2026-06-29,187569.11,Ajuste valido para Optimista
942,Optimista,2026-06-17,273353.38,Ajuste valido para Optimista
943,Base,2027-01-01,378155.25,Ajuste valido para Base
944,Optimista,2026-05-02,455411.73,Ajuste valido para Optimista
945,Base,2026-08-06,151503.41,Ajuste valido para Base
946,Pesimista,2026-06-29,318230.21,Ajuste valido para Pesimista
947,Base,2026-05-07,343.39,Ajuste valido para Base
948,Base,2026-08-05,129889.95,Ajuste valido para Base
949,Pesimista,2026-11-18,7871.42,Ajuste valido para Pesimista
950,Optimista,2026-03-15,211875.33,Ajuste valido para Optimista
951,Pesimista,2026-01-04,418098.77,Ajuste valido para Pesimista
952,Pesimista,2026-11-26,390021.97,Ajuste valido para Pesimista
953,Base,2026-12-18,201966.47,Ajuste valido para Base
954,Pesimista,2026-10-09,167542.18,Ajuste valido para Pesimista
955,Optimista,2026-05-06,419215.69,Ajuste valido para Optimista
956,Optimista,2026-10-25,109182.12,Ajuste valido para Optimista
957,Pesimista,2026-10-13,272742.98,Ajuste valido para Pesimista
958,Base,2026-07-30,82998.0,Ajuste valido para Base
959,Optimista,2026-05-27,303413.44,Ajuste valido para Optimista
960,Optimista,2026-06-17,403054.25,Ajuste valido para Optimista
961,Optimista,2026-11-06,105769.46,Ajuste valido para Optimista
962,Pesimista,2026-10-08,347888.29,Ajuste valido para Pesimista
963,Base,2026-03-07,51823.35,Ajuste valido para Base
964,Pesimista,2026-04-29,110291.4,Ajuste valido para Pesimista
965,Base,2026-03-25,496129.43,Ajuste valido para Base
966,Optimista,2026-05-06,228552.03,Ajuste valido para Optimista
967,Optimista,2026-06-23,315149.0,Ajuste valido para Optimista
968,Base,2026-08-21,402396.56,Ajuste valido para Base
969,Base,2026-10-16,97310.46,Ajuste valido para Base
970,Pesimista,2026-11-21,64707.91,Ajuste valido para Pesimista
971,Optimista,2026-11-17,7608.69,Ajuste valido para Optimista
972,Base,2026-08-01,182121.15,Ajuste valido para Base
973,Base,2026-02-06,167710.56,Ajuste valido para Base
974,Optimista,2026-01-09,TextoInvalido,Error tipografico
975,Base,2026-09-21,317912.45,Ajuste valido para Base
976,Base,2026-06-26,268808.84,Ajuste valido para Base
977,Pesimista,2026-01-05,459410.6,Ajuste valido para Pesimista
978,Base,2026-10-08,307831.55,Ajuste valido para Base
979,Pesimista,2026-07-17,337051.58,Ajuste valido para Pesimista
980,Optimista,2026-09-22,234893.97,Ajuste valido para Optimista
981,Pesimista,2026-11-18,37923.67,Ajuste valido para Pesimista
982,Base,2026-02-12,171139.63,Ajuste valido para Base
983,Pesimista,2026-09-12,498106.43,Ajuste valido para Pesimista
984,Base,2026-10-27,149341.15,Ajuste valido para Base
985,Base,2026-06-04,462208.34,Ajuste valido para Base
986,Pesimista,2026-06-19,420636.29,Ajuste valido para Pesimista
987,Base,2026-01-06,49258.59,Ajuste valido para Base
988,Base,2026-10-13,439522.97,Ajuste valido para Base
989,Pesimista,2026-04-18,201553.75,Ajuste valido para Pesimista
990,Base,2026-07-05,198273.13,Ajuste valido para Base
991,Pesimista,2026-05-29,442854.09,Ajuste valido para Pesimista
992,Optimista,2026-08-22,257273.89,Ajuste valido para Optimista
993,Optimista,2026-04-16,331491.91,Ajuste valido para Optimista
994,Optimista,2026-01-11,102024.88,Ajuste valido para Optimista
995,Optimista,2026-04-30,334386.19,Ajuste valido para Optimista
996,Pesimista,2026-11-14,434441.26,Ajuste valido para Pesimista
997,Pesimista,2026-08-17,280232.03,Ajuste valido para Pesimista
998,Optimista,2026-02-12,282935.98,Ajuste valido para Optimista
999,Optimista,2026-06-04,302683.83,Ajuste valido para Optimista
1000,Pesimista,2026-01-23,21499.38,Ajuste valido para Pesimista
1001,Optimista,2026-12-08,231233.37,Ajuste valido para Optimista
1002,Pesimista,2026-07-09,499577.38,Ajuste valido para Pesimista
1003,Base,2026-05-15,473640.51,Ajuste valido para Base
1004,Optimista,2026-04-19,61370.32,Ajuste valido para Optimista
1005,Base,2026-09-04,139508.73,Ajuste valido para Base
1006,Pesimista,2026-04-05,410478.74,Ajuste valido para Pesimista
1007,Base,2026-09-02,476459.64,Ajuste valido para Base
1008,Pesimista,2026-11-18,-1487.71,Ajuste manual (Error provocado)
1009,Pesimista,2026-12-09,368808.48,Ajuste valido para Pesimista
1010,Optimista,2026-05-08,131056.27,Ajuste valido para Optimista
1011,Base,2026-10-07,272919.82,Ajuste valido para Base
1012,Base,2026-06-02,338861.61,Ajuste valido para Base
1013,Optimista,2026-05-25,129586.7,Ajuste valido para Optimista
1014,Base,2026-01-02,12196.68,Ajuste valido para Base
1015,Pesimista,2026-04-23,48489.48,Ajuste valido para Pesimista
1016,Base,2026-08-05,303093.76,Ajuste valido para Base
1017,Optimista,2026-07-07,49164.34,Ajuste valido para Optimista
1018,Base,2026-03-18,456973.5,Ajuste valido para Base
1019,Optimista,2026-04-06,386374.18,Ajuste valido para Optimista
1020,Base,2026-12-18,495043.5,Ajuste valido para Base
1021,Pesimista,2026-02-06,179621.89,Ajuste valido para Pesimista
1022,Base,2026-12-07,188087.79,Ajuste valido para Base
1023,Base,2026-02-24,225418.57,Ajuste valido para Base
1024,Optimista,2026-07-21,448071.7,Ajuste valido para Optimista
1025,Pesimista,2026-06-07,185641.05,Ajuste valido para Pesimista
1026,Base,2026-09-17,126609.03,Ajuste valido para Base
1027,Pesimista,2026-07-16,122529.48,Ajuste valido para Pesimista
1028,Optimista,2026-11-27,109961.77,Ajuste valido para Optimista
1029,Optimista,2026-10-26,350163.06,Ajuste valido para Optimista
1030,Base,2026-11-06,TextoInvalido,Error tipografico
1031,Base,2026-02-07,366907.17,Ajuste valido para Base
1032,Base,2026-01-23,105286.35,Ajuste valido para Base
1033,Pesimista,2026-02-01,465701.22,Ajuste valido para Pesimista
1034,Pesimista,2026-07-12,466357.45,Ajuste valido para Pesimista
1035,Pesimista,2026-11-29,95294.68,Ajuste valido para Pesimista
1036,Base,2026-04-12,462273.16,Ajuste valido para Base
1037,Base,2026-10-12,329073.54,Ajuste valido para Base
1038,Optimista,2026-10-20,89286.34,Ajuste valido para Optimista
1039,Pesimista,2026-02-21,178512.59,Ajuste valido para Pesimista
1040,Base,2026-01-30,300196.83,Ajuste valido para Base
1041,Pesimista,2026-12-20,487969.99,Ajuste valido para Pesimista
1042,Pesimista,2026-10-11,396588.07,Ajuste valido para Pesimista
1043,Base,2026-05-19,180213.09,Ajuste valido para Base
1044,Pesimista,2026-12-19,447891.04,Ajuste valido para Pesimista
1045,Optimista,2026-03-16,265628.69,Ajuste valido para Optimista
1046,Base,2026-04-01,34842.66,Ajuste valido para Base
1047,Base,2026-06-16,12498.28,Ajuste valido para Base
1048,Pesimista,2026-07-30,106719.56,Ajuste valido para Pesimista
1049,Base,2026-04-12,388084.3,Ajuste valido para Base
1050,Base,2026-06-28,379112.93,Ajuste valido para Base
1051,Base,2026-09-19,123699.82,Ajuste valido para Base
1052,Pesimista,2026-04-19,35590.14,Ajuste valido para Pesimista
1053,Base,2026-09-04,183070.49,Ajuste valido para Base
1054,Optimista,2026-06-24,167375.84,Ajuste valido para Optimista
1055,Optimista,2026-03-16,378963.22,Ajuste valido para Optimista
1056,Optimista,2026-05-22,425137.14,Ajuste valido para Optimista
1057,Optimista,2026-06-13,275561.49,Ajuste valido para Optimista
1058,Optimista,2026-06-10,381027.64,Ajuste valido para Optimista
1059,Base,2026-07-18,341103.81,Ajuste valido para Base
1060,Optimista,2026-08-26,241599.06,Ajuste valido para Optimista
1061,Base,2026-03-07,224709.01,Ajuste valido para Base
1062,Base,2026-08-20,213200.26,Ajuste valido para Base
1063,Base,2026-02-10,10280.56,Ajuste valido para Base
1064,Base,2026-08-05,,Falta valor
1065,Base,2026-08-03,59452.17,Ajuste valido para Base
1066,Optimista,2026-08-23,127865.41,Ajuste valido para Optimista
1067,Optimista,2026-10-13,379563.45,Ajuste valido para Optimista
1068,Pesimista,2026-09-27,51466.28,Ajuste valido para Pesimista
1069,Base,2026-09-06,328964.94,Ajuste valido para Base
1070,Pesimista,2026-11-01,386692.64,Ajuste valido para Pesimista
1071,Base,2026-12-04,441710.2,Ajuste valido para Base
1072,Base,2026-05-23,83973.12,Ajuste valido para Base
1073,Pesimista,2026-01-06,-4887.3,Ajuste manual (Error provocado)
1074,Pesimista,2026-07-21,446480.89,Ajuste valido para Pesimista
1075,Base,2026-05-21,395756.18,Ajuste valido para Base
1076,Base,2026-03-18,103526.69,Ajuste valido para Base
1077,Optimista,2026-05-12,319696.34,Ajuste valido para Optimista
1078,Optimista,2026-07-16,,Falta valor
1079,Optimista,2026-06-27,241425.07,Ajuste valido para Optimista
1080,Pesimista,2027-01-01,296889.99,Ajuste valido para Pesimista
1081,Pesimista,2026-04-06,211677.9,Ajuste valido para Pesimista
1082,Optimista,2026-06-17,129947.59,Ajuste valido para Optimista
1083,Optimista,2026-05-01,378278.2,Ajuste valido para Optimista
1084,Pesimista,2026-12-21,156968.73,Ajuste valido para Pesimista
1085,Base,2026-03-01,138035.67,Ajuste valido para Base
1086,Optimista,2026-02-23,457264.29,Ajuste valido para Optimista
1087,Optimista,2026-07-25,101414.47,Ajuste valido para Optimista
1088,Pesimista,2026-03-04,274394.72,Ajuste valido para Pesimista
1089,Pesimista,2026-11-06,172552.76,Ajuste valido para Pesimista
1090,Base,2026-06-22,210162.02,Ajuste valido para Base
1091,Base,2026-11-06,429976.05,Ajuste valido para Base
1092,Pesimista,2026-09-08,496461.55,Ajuste valido para Pesimista
1093,Optimista,2026-04-16,-4171.05,Ajuste manual (Error provocado)
1094,Optimista,2026-08-04,287292.46,Ajuste valido para Optimista
1095,Optimista,2026-11-17,400403.56,Ajuste valido para Optimista
1096,Pesimista,2026-10-22,337780.05,Ajuste valido para Pesimista
1097,Base,2026-12-07,389541.23,Ajuste valido para Base
1098,Pesimista,2026-11-25,464822.39,Ajuste valido para Pesimista
1099,Base,2026-04-08,76749.89,Ajuste valido para Base
1100,Optimista,2026-12-02,61170.04,Ajuste valido para Optimista
1101,Optimista,2026-07-09,121722.12,Ajuste valido para Optimista
1102,Pesimista,2026-03-19,100270.79,Ajuste valido para Pesimista
1103,Pesimista,2026-09-22,365015.7,Ajuste valido para Pesimista
1104,Pesimista,2026-06-22,300336.37,Ajuste valido para Pesimista
1105,Optimista,2026-09-28,32008.97,Ajuste valido para Optimista
1106,Optimista,2026-07-15,69209.1,Ajuste valido para Optimista
1107,Optimista,2026-12-31,248851.79,Ajuste valido para Optimista
1108,Optimista,2026-12-16,16561.15,Ajuste valido para Optimista
1109,Optimista,2026-03-08,241507.75,Ajuste valido para Optimista
1110,Optimista,2026-04-24,330195.46,Ajuste valido para Optimista
1111,Base,2026-08-12,429537.73,Ajuste valido para Base
1112,Optimista,2026-08-20,238626.16,Ajuste valido para Optimista
1113,Pesimista,2026-10-11,95285.38,Ajuste valido para Pesimista
1114,Base,2026-10-09,65050.0,Ajuste valido para Base
1115,Optimista,2026-05-09,456544.33,Ajuste valido para Optimista
1116,Base,2026-02-25,362953.38,Ajuste valido para Base
1117,Pesimista,2026-08-11,486157.38,Ajuste valido para Pesimista
1118,Pesimista,2026-05-08,449050.22,Ajuste valido para Pesimista
1119,Base,2026-03-26,196598.81,Ajuste valido para Base
1120,Pesimista,2026-06-14,347123.35,Ajuste valido para Pesimista
1121,Pesimista,2026-08-11,446525.6,Ajuste valido para Pesimista
1122,Pesimista,2026-08-17,169065.49,Ajuste valido para Pesimista
1123,Pesimista,2026-05-25,169344.62,Ajuste valido para Pesimista
1124,Optimista,2026-07-06,349596.14,Ajuste valido para Optimista
1125,Base,2026-07-21,124389.07,Ajuste valido para Base
1126,Pesimista,2026-04-01,16438.24,Ajuste valido para Pesimista
1127,Base,2026-11-22,485279.14,Ajuste valido para Base
1128,Base,2026-09-09,433221.35,Ajuste valido para Base
1129,Base,2026-12-14,278362.36,Ajuste valido para Base
1130,Pesimista,2026-07-20,327629.19,Ajuste valido para Pesimista
1131,Optimista,2026-09-12,393165.38,Ajuste valido para Optimista
1132,Pesimista,2026-06-28,242235.01,Ajuste valido para Pesimista
1133,Base,2026-10-28,47257.88,Ajuste valido para Base
1134,Pesimista,2026-03-22,74128.26,Ajuste valido para Pesimista
1135,Optimista,2026-07-20,277964.82,Ajuste valido para Optimista
1136,Pesimista,2026-05-27,246623.39,Ajuste valido para Pesimista
1137,Pesimista,2026-09-20,43904.38,Ajuste valido para Pesimista
1138,Pesimista,2026-03-27,173930.71,Ajuste valido para Pesimista
1139,Base,2026-11-26,16920.58,Ajuste valido para Base
1140,Base,2026-11-05,260550.24,Ajuste valido para Base
1141,Pesimista,2026-04-04,244849.86,Ajuste valido para Pesimista
1142,Base,2026-12-26,287686.15,Ajuste valido para Base
1143,Pesimista,2026-04-29,324269.74,Ajuste valido para Pesimista
1144,Pesimista,2026-11-25,18674.34,Ajuste valido para Pesimista
1145,Base,2026-12-13,115004.22,Ajuste valido para Base
1146,Pesimista,2026-03-07,49646.91,Ajuste valido para Pesimista
1147,Optimista,2026-05-11,196135.56,Ajuste valido para Optimista
1148,Pesimista,2026-09-12,50266.12,Ajuste valido para Pesimista
1149,Base,2026-05-01,236436.68,Ajuste valido para Base
1150,Optimista,2026-06-04,344661.22,Ajuste valido para Optimista
1151,Optimista,2026-10-31,67533.29,Ajuste valido para Optimista
1152,Base,2026-02-03,29386.34,Ajuste valido para Base
1153,Pesimista,2026-11-02,220984.21,Ajuste valido para Pesimista
1154,Base,2026-07-29,83977.02,Ajuste valido para Base
1155,Pesimista,2026-12-27,182843.42,Ajuste valido para Pesimista
1156,Optimista,2026-07-28,357744.26,Ajuste valido para Optimista
1157,Optimista,2026-07-07,416667.19,Ajuste valido para Optimista
1158,Base,2026-03-20,113079.08,Ajuste valido para Base
1159,Base,2026-12-16,183191.97,Ajuste valido para Base
1160,Base,2026-12-25,173386.56,Ajuste valido para Base
1161,Base,2026-06-13,400239.47,Ajuste valido para Base
1162,Base,2026-12-25,357098.75,Ajuste valido para Base
1163,Base,2026-04-25,-1373.11,Ajuste manual (Error provocado)
1164,Base,2026-05-16,101889.4,Ajuste valido para Base
1165,Optimista,2026-02-23,152669.83,Ajuste valido para Optimista
1166,Pesimista,2026-03-12,285998.51,Ajuste valido para Pesimista
1167,Optimista,2026-11-15,424892.69,Ajuste valido para Optimista
1168,Base,2026-03-23,201108.06,Ajuste valido para Base
1169,Pesimista,2026-02-24,224702.95,Ajuste valido para Pesimista
1170,Base,2026-07-23,36450.75,Ajuste valido para Base
1171,Optimista,2026-08-12,407788.39,Ajuste valido para Optimista
1172,Pesimista,2026-04-30,485390.24,Ajuste valido para Pesimista
1173,Pesimista,2026-06-27,291077.76,Ajuste valido para Pesimista
1174,Optimista,2026-11-19,74869.58,Ajuste valido para Optimista
1175,Pesimista,2026-11-20,433859.85,Ajuste valido para Pesimista
1176,Base,2026-04-23,35655.63,Ajuste valido para Base
1177,Optimista,2026-11-22,106115.35,Ajuste valido para Optimista
1178,Pesimista,2026-10-17,162486.37,Ajuste valido para Pesimista
1179,Pesimista,2026-02-14,132492.68,Ajuste valido para Pesimista
1180,Pesimista,2026-02-17,320523.02,Ajuste valido para Pesimista
1181,Pesimista,2026-12-13,319540.39,Ajuste valido para Pesimista
1182,Base,2026-07-21,296581.23,Ajuste valido para Base
1183,Base,2026-09-23,155910.24,Ajuste valido para Base
1184,Base,2026-03-10,443429.32,Ajuste valido para Base
1185,Optimista,2026-01-16,7919.77,Ajuste valido para Optimista
1186,Optimista,2026-10-21,221311.84,Ajuste valido para Optimista
1187,Base,2026-10-19,12763.77,Ajuste valido para Base
1188,Optimista,2026-03-24,245381.88,Ajuste valido para Optimista
1189,Optimista,2026-06-19,493920.85,Ajuste valido para Optimista
1190,Pesimista,2026-06-26,362292.05,Ajuste valido para Pesimista
1191,Pesimista,2026-08-19,426424.42,Ajuste valido para Pesimista
1192,Base,2026-05-13,152257.95,Ajuste valido para Base
1193,Optimista,2026-04-26,180511.85,Ajuste valido para Optimista
1194,Base,2026-01-01,145970.68,Ajuste valido para Base
1195,Pesimista,2026-05-14,36974.35,Ajuste valido para Pesimista
1196,Optimista,2026-05-29,211491.46,Ajuste valido para Optimista
1197,Optimista,2026-07-29,179733.86,Ajuste valido para Optimista
1198,Pesimista,2026-11-05,361642.53,Ajuste valido para Pesimista
1199,Base,2026-10-02,-2140.23,Ajuste manual (Error provocado)
1200,Base,2026-08-21,23272.52,Ajuste valido para Base
1201,Pesimista,2026-01-07,53242.54,Ajuste valido para Pesimista
1202,Pesimista,2026-02-17,319385.77,Ajuste valido para Pesimista
1203,Pesimista,2026-05-22,714.31,Ajuste valido para Pesimista
1204,Pesimista,2026-02-16,329910.9,Ajuste valido para Pesimista
1205,Base,2026-10-05,382945.3,Ajuste valido para Base
1206,Optimista,2026-04-28,313650.4,Ajuste valido para Optimista
1207,Optimista,2026-01-25,50930.49,Ajuste valido para Optimista
1208,Pesimista,2026-07-22,478375.62,Ajuste valido para Pesimista
1209,Optimista,2026-12-03,164908.02,Ajuste valido para Optimista
1210,Pesimista,2026-11-22,431467.68,Ajuste valido para Pesimista
1211,Pesimista,2026-11-05,191836.17,Ajuste valido para Pesimista
1212,Optimista,2026-08-22,282215.28,Ajuste valido para Optimista
1213,Pesimista,2026-11-04,5272.21,Ajuste valido para Pesimista
1214,Pesimista,2026-09-27,418175.71,Ajuste valido para Pesimista
1215,Base,2026-03-21,369398.3,Ajuste valido para Base
1216,Pesimista,2026-08-01,170638.35,Ajuste valido para Pesimista
1217,Pesimista,2026-08-13,221897.14,Ajuste valido para Pesimista
1218,Base,2026-06-05,365916.49,Ajuste valido para Base
1219,Base,2026-03-31,76566.6,Ajuste valido para Base
1220,Base,2026-06-07,345069.4,Ajuste valido para Base
1221,Optimista,2026-10-18,269378.71,Ajuste valido para Optimista
1222,Pesimista,2026-08-10,288740.93,Ajuste valido para Pesimista
1223,Base,2026-09-19,211825.8,Ajuste valido para Base
1224,Pesimista,2026-03-01,416251.35,Ajuste valido para Pesimista
1225,Optimista,2026-05-09,244883.09,Ajuste valido para Optimista
1226,Optimista,2026-03-06,460197.3,Ajuste valido para Optimista
1227,Optimista,2026-08-06,489906.52,Ajuste valido para Optimista
1228,Base,2026-09-16,14239.77,Ajuste valido para Base
1229,Pesimista,2026-02-23,461251.98,Ajuste valido para Pesimista
1230,Optimista,2026-01-06,432573.78,Ajuste valido para Optimista
1231,Pesimista,2026-05-24,439867.67,Ajuste valido para Pesimista
1232,Pesimista,2026-01-14,430900.36,Ajuste valido para Pesimista
1233,Base,2026-06-30,351945.8,Ajuste valido para Base
1234,Optimista,2026-08-03,79449.38,Ajuste valido para Optimista
1235,Base,2026-05-31,112222.15,Ajuste valido para Base
1236,Pesimista,2026-07-21,420671.76,Ajuste valido para Pesimista
1237,Optimista,2026-05-25,-2340.53,Ajuste manual (Error provocado)
1238,Pesimista,2026-07-21,300902.19,Ajuste valido para Pesimista
1239,Base,2026-09-06,297327.18,Ajuste valido para Base
1240,Base,2026-09-15,75182.53,Ajuste valido para Base
1241,Pesimista,2026-11-19,179271.09,Ajuste valido para Pesimista
1242,Pesimista,2026-10-14,244385.05,Ajuste valido para Pesimista
1243,Pesimista,2026-07-21,279806.47,Ajuste valido para Pesimista
1244,Pesimista,2026-05-23,151237.54,Ajuste valido para Pesimista
1245,Pesimista,2026-08-13,225840.72,Ajuste valido para Pesimista
1246,Pesimista,2026-08-07,104675.4,Ajuste valido para Pesimista
1247,Optimista,2026-12-14,423443.02,Ajuste valido para Optimista
1248,Base,2026-12-09,126193.36,Ajuste valido para Base
1249,Optimista,2026-05-16,241389.43,Ajuste valido para Optimista
1250,Base,2026-05-17,266025.7,Ajuste valido para Base
1251,Pesimista,2026-09-15,430216.68,Ajuste valido para Pesimista
1252,Pesimista,2026-11-22,388471.21,Ajuste valido para Pesimista
1253,Optimista,2026-01-04,350740.44,Ajuste valido para Optimista
1254,Pesimista,2026-11-09,,Falta valor
1255,Optimista,2026-11-16,41289.32,Ajuste valido para Optimista
1256,Base,2026-07-04,366065.27,Ajuste valido para Base
1257,Base,2026-11-17,448851.52,Ajuste valido para Base
1258,Pesimista,2026-04-19,291533.37,Ajuste valido para Pesimista
1259,Base,2026-01-23,62320.77,Ajuste valido para Base
1260,Optimista,2026-10-02,311245.92,Ajuste valido para Optimista
1261,Optimista,2026-04-08,378930.79,Ajuste valido para Optimista
1262,Pesimista,2026-08-06,269776.5,Ajuste valido para Pesimista
1263,Pesimista,2026-05-10,364210.01,Ajuste valido para Pesimista
1264,Pesimista,2026-03-15,277335.6,Ajuste valido para Pesimista
1265,Base,2026-09-27,454193.04,Ajuste valido para Base
1266,Base,2026-12-20,269189.2,Ajuste valido para Base
1267,Base,2026-06-29,369703.44,Ajuste valido para Base
1268,Optimista,2026-09-05,30219.16,Ajuste valido para Optimista
1269,Pesimista,2026-02-14,49602.35,Ajuste valido para Pesimista
1270,Pesimista,2026-03-10,476796.06,Ajuste valido para Pesimista
1271,Base,2026-10-04,156751.98,Ajuste valido para Base
1272,Base,2026-08-18,323771.65,Ajuste valido para Base
1273,Pesimista,2026-02-23,396359.6,Ajuste valido para Pesimista
1274,Pesimista,2026-01-21,96529.33,Ajuste valido para Pesimista
1275,Optimista,2026-06-25,343876.66,Ajuste valido para Optimista
1276,Optimista,2026-10-10,154521.98,Ajuste valido para Optimista
1277,Pesimista,2026-08-19,,Falta valor
1278,Optimista,2026-08-18,230094.69,Ajuste valido para Optimista
1279,Optimista,2026-09-08,338293.05,Ajuste valido para Optimista
1280,Optimista,2026-04-18,451091.26,Ajuste valido para Optimista
1281,Pesimista,2026-07-13,472090.74,Ajuste valido para Pesimista
1282,Optimista,2026-09-30,287834.52,Ajuste valido para Optimista
1283,Base,2026-07-23,353501.15,Ajuste valido para Base
1284,Pesimista,2026-12-02,305436.05,Ajuste valido para Pesimista
1285,Base,2026-08-12,431305.94,Ajuste valido para Base
1286,Optimista,2026-10-09,286649.94,Ajuste valido para Optimista
1287,Base,2026-01-18,483907.34,Ajuste valido para Base
1288,Base,2026-04-12,149562.26,Ajuste valido para Base
1289,Base,2026-02-14,114973.71,Ajuste valido para Base
1290,Optimista,2026-06-22,117648.98,Ajuste valido para Optimista
1291,Base,2026-01-03,140372.17,Ajuste valido para Base
1292,Pesimista,2026-02-09,357511.5,Ajuste valido para Pesimista
1293,Optimista,2026-06-06,451875.01,Ajuste valido para Optimista
1294,Pesimista,2026-08-31,280493.16,Ajuste valido para Pesimista
1295,Base,2026-03-19,286750.67,Ajuste valido para Base
1296,Pesimista,2026-11-10,342745.89,Ajuste valido para Pesimista
1297,Pesimista,2026-07-19,174185.35,Ajuste valido para Pesimista
1298,Base,2026-04-29,128426.48,Ajuste valido para Base
1299,Optimista,2026-11-28,272786.17,Ajuste valido para Optimista
1300,Base,2026-02-22,65731.57,Ajuste valido para Base
1301,Optimista,2026-12-22,51538.2,Ajuste valido para Optimista
1302,Pesimista,2026-04-04,116366.05,Ajuste valido para Pesimista
1303,Pesimista,2026-12-25,182846.07,Ajuste valido para Pesimista
1304,Pesimista,2026-01-12,414286.02,Ajuste valido para Pesimista
1305,Base,2026-06-18,36718.27,Ajuste valido para Base
1306,Pesimista,2026-10-08,414533.91,Ajuste valido para Pesimista
1307,Pesimista,2026-01-14,378567.87,Ajuste valido para Pesimista
1308,Base,2026-09-30,365888.32,Ajuste valido para Base
1309,Pesimista,2026-03-02,-266.03,Ajuste manual (Error provocado)
1310,Pesimista,2026-12-28,326081.1,Ajuste valido para Pesimista
1311,Pesimista,2026-04-15,472860.56,Ajuste valido para Pesimista
1312,Optimista,2026-04-05,83632.52,Ajuste valido para Optimista
1313,Base,2026-06-24,343050.87,Ajuste valido para Base
1314,Base,2026-03-21,182169.25,Ajuste valido para Base
1315,Base,2026-05-11,29209.16,Ajuste valido para Base
1316,Pesimista,2026-03-09,432049.91,Ajuste valido para Pesimista
1317,Optimista,2026-11-20,433402.0,Ajuste valido para Optimista
1318,Pesimista,2026-12-12,370936.25,Ajuste valido para Pesimista
1319,Optimista,2026-12-07,247044.64,Ajuste valido para Optimista
1320,Pesimista,2026-05-20,186962.41,Ajuste valido para Pesimista
1321,Pesimista,2026-10-06,62921.06,Ajuste valido para Pesimista
1322,Pesimista,2026-02-28,457002.37,Ajuste valido para Pesimista
1323,Optimista,2026-01-07,40227.55,Ajuste valido para Optimista
1324,Base,2026-08-30,359239.83,Ajuste valido para Base
1325,Base,2026-04-28,78172.56,Ajuste valido para Base
1326,Pesimista,2026-08-24,439206.74,Ajuste valido para Pesimista
1327,Optimista,2026-02-02,292468.64,Ajuste valido para Optimista
1328,Optimista,2026-09-22,259030.69,Ajuste valido para Optimista
1329,Base,2026-11-24,88556.32,Ajuste valido para Base
1330,Pesimista,2026-12-19,85324.9,Ajuste valido para Pesimista
1331,Base,2026-05-01,413868.49,Ajuste valido para Base
1332,Pesimista,2026-12-02,424946.23,Ajuste valido para Pesimista
1333,Base,2026-12-03,165381.1,Ajuste valido para Base
1334,Pesimista,2026-01-01,364297.44,Ajuste valido para Pesimista
1335,Base,2026-05-30,93437.98,Ajuste valido para Base
1336,Optimista,2026-03-08,69356.05,Ajuste valido para Optimista
1337,Optimista,2026-02-17,482485.29,Ajuste valido para Optimista
1338,Base,2026-03-18,73430.89,Ajuste valido para Base
1339,Pesimista,2026-12-03,-2505.06,Ajuste manual (Error provocado)
1340,Pesimista,2026-01-25,93584.09,Ajuste valido para Pesimista
1341,Base,2026-06-05,278357.32,Ajuste valido para Base
1342,Optimista,2026-01-31,50402.01,Ajuste valido para Optimista
1343,Base,2026-11-09,42195.43,Ajuste valido para Base
1344,Optimista,2026-06-13,475420.9,Ajuste valido para Optimista
1345,Optimista,2026-02-03,42975.54,Ajuste valido para Optimista
1346,Pesimista,2026-01-12,446857.78,Ajuste valido para Pesimista
1347,Pesimista,2026-10-17,303659.45,Ajuste valido para Pesimista
1348,Base,2026-02-19,229746.56,Ajuste valido para Base
1349,Base,2026-02-10,-2015.23,Ajuste manual (Error provocado)
1350,Pesimista,2026-06-01,498671.05,Ajuste valido para Pesimista
1351,Pesimista,2026-11-15,27863.72,Ajuste valido para Pesimista
1352,Base,2026-06-29,68771.74,Ajuste valido para Base
1353,Optimista,2026-02-09,59976.82,Ajuste valido para Optimista
1354,Base,2026-01-19,187317.39,Ajuste valido para Base
1355,Base,2026-07-31,273306.43,Ajuste valido para Base
1356,Optimista,2026-07-31,70192.62,Ajuste valido para Optimista
1357,Pesimista,2026-06-19,116054.8,Ajuste valido para Pesimista
1358,Base,2026-11-03,79576.52,Ajuste valido para Base
1359,Pesimista,2026-06-29,88077.38,Ajuste valido para Pesimista
1360,Pesimista,2026-12-09,356670.08,Ajuste valido para Pesimista
1361,Base,2026-02-20,195625.89,Ajuste valido para Base
1362,Base,2027-01-01,53860.04,Ajuste valido para Base
1363,Base,2026-01-07,84953.33,Ajuste valido para Base
1364,Pesimista,2026-02-28,340363.42,Ajuste valido para Pesimista
1365,Pesimista,2026-08-08,228660.74,Ajuste valido para Pesimista
1366,Pesimista,2026-03-25,76289.4,Ajuste valido para Pesimista
1367,Base,2026-10-19,340337.83,Ajuste valido para Base
1368,Optimista,2026-05-16,204118.68,Ajuste valido para Optimista
1369,Base,2026-03-04,57582.47,Ajuste valido para Base
1370,Optimista,2026-05-10,328980.73,Ajuste valido para Optimista
1371,Base,2026-09-03,35165.25,Ajuste valido para Base
1372,Pesimista,2026-02-02,63621.72,Ajuste valido para Pesimista
1373,Optimista,2026-11-01,60847.11,Ajuste valido para Optimista
1374,Base,2026-11-09,TextoInvalido,Error tipografico
1375,Pesimista,2026-12-12,328168.11,Ajuste valido para Pesimista
1376,Optimista,2026-02-26,343128.2,Ajuste valido para Optimista
1377,Optimista,2026-09-27,79393.46,Ajuste valido para Optimista
1378,Optimista,2026-08-05,428956.83,Ajuste valido para Optimista
1379,Optimista,2026-06-11,78069.94,Ajuste valido para Optimista
1380,Optimista,2026-05-02,11819.89,Ajuste valido para Optimista
1381,Base,2026-12-20,307961.34,Ajuste valido para Base
1382,Optimista,2026-04-18,43278.58,Ajuste valido para Optimista
1383,Base,2026-03-26,322494.01,Ajuste valido para Base
1384,Optimista,2026-02-22,256533.26,Ajuste valido para Optimista
1385,Optimista,2026-08-13,364108.74,Ajuste valido para Optimista
1386,Optimista,2026-09-09,48921.27,Ajuste valido para Optimista
1387,Base,2026-08-10,367343.73,Ajuste valido para Base
1388,Optimista,2026-07-02,3738.81,Ajuste valido para Optimista
1389,Pesimista,2026-09-02,143562.27,Ajuste valido para Pesimista
1390,Pesimista,2026-05-05,404757.73,Ajuste valido para Pesimista
1391,Pesimista,2026-08-20,468223.43,Ajuste valido para Pesimista
1392,Pesimista,2026-07-01,82288.18,Ajuste valido para Pesimista
1393,Pesimista,2026-09-05,446960.2,Ajuste valido para Pesimista
1394,Base,2026-02-17,222948.04,Ajuste valido para Base
1395,Pesimista,2026-02-05,371653.78,Ajuste valido para Pesimista
1396,Optimista,2026-09-19,492829.57,Ajuste valido para Optimista
1397,Optimista,2026-09-08,323545.52,Ajuste valido para Optimista
1398,Pesimista,2026-02-10,420637.35,Ajuste valido para Pesimista
1399,Base,2026-04-25,339748.12,Ajuste valido para Base
1400,Pesimista,2026-10-24,469498.25,Ajuste valido para Pesimista
1401,Pesimista,2026-04-09,290826.9,Ajuste valido para Pesimista
1402,Base,2026-06-08,317024.61,Ajuste valido para Base
1403,Optimista,2026-03-01,157422.02,Ajuste valido para Optimista
1404,Optimista,2026-01-14,49052.9,Ajuste valido para Optimista
1405,Optimista,2026-12-23,287916.52,Ajuste valido para Optimista
1406,Optimista,2026-05-05,105536.95,Ajuste valido para Optimista
1407,Pesimista,2026-04-26,,Falta valor
1408,Base,2026-09-28,381979.04,Ajuste valido para Base
1409,Base,2026-12-04,794.03,Ajuste valido para Base
1410,Optimista,2026-06-11,143543.29,Ajuste valido para Optimista
1411,Pesimista,2026-06-30,123325.64,Ajuste valido para Pesimista
1412,Optimista,2026-04-05,418609.86,Ajuste valido para Optimista
1413,Pesimista,2026-02-20,-1266.39,Ajuste manual (Error provocado)
1414,Pesimista,2026-01-01,163834.1,Ajuste valido para Pesimista
1415,Base,2026-04-14,64454.16,Ajuste valido para Base
1416,Optimista,2026-08-13,392557.17,Ajuste valido para Optimista
1417,Optimista,2026-04-16,236643.39,Ajuste valido para Optimista
1418,Optimista,2026-07-30,222599.78,Ajuste valido para Optimista
1419,Pesimista,2026-08-03,334874.5,Ajuste valido para Pesimista
1420,Optimista,2026-03-24,244937.92,Ajuste valido para Optimista
1421,Optimista,2026-08-08,452030.53,Ajuste valido para Optimista
1422,Optimista,2026-10-20,373736.64,Ajuste valido para Optimista
1423,Optimista,2026-12-01,336901.19,Ajuste valido para Optimista
1424,Base,2026-05-13,58770.5,Ajuste valido para Base
1425,Pesimista,2026-11-09,364611.4,Ajuste valido para Pesimista
1426,Optimista,2026-05-06,381412.26,Ajuste valido para Optimista
1427,Optimista,2026-02-07,129180.1,Ajuste valido para Optimista
1428,Base,2026-09-08,354329.33,Ajuste valido para Base
1429,Optimista,2026-01-02,362413.78,Ajuste valido para Optimista
1430,Optimista,2026-03-14,3315.53,Ajuste valido para Optimista
1431,Base,2026-11-25,406769.07,Ajuste valido para Base
1432,Base,2026-10-07,179391.12,Ajuste valido para Base
1433,Pesimista,2026-02-08,497860.01,Ajuste valido para Pesimista
1434,Pesimista,2026-12-18,494716.12,Ajuste valido para Pesimista
1435,Optimista,2026-02-15,103691.29,Ajuste valido para Optimista
1436,Pesimista,2026-12-21,342393.01,Ajuste valido para Pesimista
1437,Base,2026-02-13,50743.88,Ajuste valido para Base
1438,Optimista,2026-11-17,23565.5,Ajuste valido para Optimista
1439,Base,2026-03-16,208486.42,Ajuste valido para Base
1440,Pesimista,2026-09-16,374419.11,Ajuste valido para Pesimista
1441,Optimista,2026-09-04,313257.73,Ajuste valido para Optimista
1442,Optimista,2026-10-27,25692.86,Ajuste valido para Optimista
1443,Optimista,2026-01-30,330920.94,Ajuste valido para Optimista
1444,Base,2026-05-22,18930.43,Ajuste valido para Base
1445,Base,2026-08-03,250667.59,Ajuste valido para Base
1446,Pesimista,2026-08-24,422509.87,Ajuste valido para Pesimista
1447,Pesimista,2026-11-13,479370.63,Ajuste valido para Pesimista
1448,Optimista,2026-09-24,456722.04,Ajuste valido para Optimista
1449,Base,2026-10-09,111886.08,Ajuste valido para Base
1450,Pesimista,2026-06-10,274131.24,Ajuste valido para Pesimista
1451,Optimista,2026-08-20,41973.13,Ajuste valido para Optimista
1452,Base,2026-05-02,380424.75,Ajuste valido para Base
1453,Optimista,2026-02-09,356310.3,Ajuste valido para Optimista
1454,Base,2026-07-10,489047.58,Ajuste valido para Base
1455,Base,2026-08-12,168968.69,Ajuste valido para Base
1456,Pesimista,2026-07-12,228250.69,Ajuste valido para Pesimista
1457,Base,2026-05-05,273354.03,Ajuste valido para Base
1458,Optimista,2026-10-09,299503.28,Ajuste valido para Optimista
1459,Base,2026-08-28,450703.57,Ajuste valido para Base
1460,Base,2026-01-11,153822.6,Ajuste valido para Base
1461,Base,2026-02-25,65343.23,Ajuste valido para Base
1462,Optimista,2026-09-24,221894.98,Ajuste valido para Optimista
1463,Pesimista,2026-11-01,308280.21,Ajuste valido para Pesimista
1464,Base,2026-01-31,403604.67,Ajuste valido para Base
1465,Pesimista,2026-12-26,468293.52,Ajuste valido para Pesimista
1466,Base,2026-07-24,385820.36,Ajuste valido para Base
1467,Base,2026-10-06,21395.36,Ajuste valido para Base
1468,Optimista,2026-02-05,330430.06,Ajuste valido para Optimista
1469,Pesimista,2026-08-01,37223.94,Ajuste valido para Pesimista
1470,Base,2026-10-22,TextoInvalido,Error tipografico
1471,Pesimista,2026-12-24,116970.89,Ajuste valido para Pesimista
1472,Base,2026-06-23,428808.45,Ajuste valido para Base
1473,Optimista,2026-01-26,363497.87,Ajuste valido para Optimista
1474,Pesimista,2026-05-14,142407.83,Ajuste valido para Pesimista
1475,Optimista,2026-01-14,261394.6,Ajuste valido para Optimista
1476,Pesimista,2026-07-21,482608.12,Ajuste valido para Pesimista
1477,Pesimista,2026-03-30,326763.55,Ajuste valido para Pesimista
1478,Optimista,2026-05-10,TextoInvalido,Error tipografico
1479,Base,2026-10-21,135374.16,Ajuste valido para Base
1480,Base,2026-04-17,327820.1,Ajuste valido para Base
1481,Optimista,2026-04-13,285421.53,Ajuste valido para Optimista
1482,Base,2026-08-23,344598.19,Ajuste valido para Base
1483,Base,2026-04-19,383648.55,Ajuste valido para Base
1484,Optimista,2026-11-22,97468.72,Ajuste valido para Optimista
1485,Pesimista,2026-11-22,202218.32,Ajuste valido para Pesimista
1486,Base,2026-04-14,436576.73,Ajuste valido para Base
1487,Optimista,2026-07-26,89510.95,Ajuste valido para Optimista
1488,Base,2027-01-01,427688.7,Ajuste valido para Base
1489,Base,2026-02-05,30818.05,Ajuste valido para Base
1490,Base,2026-05-31,126737.68,Ajuste valido para Base
1491,Base,2026-12-26,,Falta valor
1492,Pesimista,2026-06-28,181259.15,Ajuste valido para Pesimista
1493,Pesimista,2026-03-19,302771.56,Ajuste valido para Pesimista
1494,Base,2026-04-04,162840.28,Ajuste valido para Base
1495,Optimista,2026-11-22,83579.3,Ajuste valido para Optimista
1496,Optimista,2026-06-26,401936.38,Ajuste valido para Optimista
1497,Optimista,2026-08-04,476285.53,Ajuste valido para Optimista
1498,Pesimista,2026-11-18,255911.77,Ajuste valido para Pesimista
1499,Optimista,2026-12-28,464741.74,Ajuste valido para Optimista
1500,Optimista,2026-11-21,60814.57,Ajuste valido para Optimista
1501,Optimista,2026-02-28,215838.4,Ajuste valido para Optimista
1502,Pesimista,2026-08-16,269581.3,Ajuste valido para Pesimista
1503,Base,2026-03-16,17315.73,Ajuste valido para Base
1504,Base,2026-11-24,280877.19,Ajuste valido para Base
1505,Optimista,2026-06-07,469333.26,Ajuste valido para Optimista
1506,Base,2026-03-12,335413.73,Ajuste valido para Base
1507,Base,2026-04-20,68003.56,Ajuste valido para Base
1508,Optimista,2026-02-20,35317.98,Ajuste valido para Optimista
1509,Pesimista,2026-02-02,-801.5,Ajuste manual (Error provocado)
1510,Optimista,2026-02-24,427129.09,Ajuste valido para Optimista
1511,Pesimista,2026-06-12,163866.09,Ajuste valido para Pesimista
1512,Base,2026-06-23,159658.98,Ajuste valido para Base
1513,Pesimista,2026-10-01,424609.56,Ajuste valido para Pesimista
1514,Base,2026-03-26,459687.86,Ajuste valido para Base
1515,Base,2026-10-11,347987.83,Ajuste valido para Base
1516,Pesimista,2026-10-12,430884.2,Ajuste valido para Pesimista
1517,Pesimista,2026-11-30,35662.06,Ajuste valido para Pesimista
1518,Optimista,2026-06-27,437199.51,Ajuste valido para Optimista
1519,Optimista,2026-09-28,394786.51,Ajuste valido para Optimista
1520,Pesimista,2026-05-15,290491.99,Ajuste valido para Pesimista
1521,Pesimista,2026-05-16,168295.29,Ajuste valido para Pesimista
1522,Pesimista,2026-03-12,214621.68,Ajuste valido para Pesimista
1523,Pesimista,2026-09-22,188138.25,Ajuste valido para Pesimista
1524,Pesimista,2026-07-18,185575.79,Ajuste valido para Pesimista
1525,Base,2026-02-14,362622.93,Ajuste valido para Base
1526,Pesimista,2026-01-01,108198.88,Ajuste valido para Pesimista
1527,Optimista,2026-03-08,31211.95,Ajuste valido para Optimista
1528,Optimista,2026-01-31,205004.19,Ajuste valido para Optimista
1529,Base,2026-08-19,345461.06,Ajuste valido para Base
1530,Pesimista,2026-04-20,358860.09,Ajuste valido para Pesimista
1531,Pesimista,2026-05-02,416938.53,Ajuste valido para Pesimista
1532,Base,2026-02-04,472873.99,Ajuste valido para Base
1533,Base,2026-07-01,312725.01,Ajuste valido para Base
1534,Pesimista,2026-12-10,182217.85,Ajuste valido para Pesimista
1535,Base,2026-07-12,261684.08,Ajuste valido para Base
1536,Base,2026-08-08,326112.15,Ajuste valido para Base
1537,Pesimista,2026-10-08,-341.66,Ajuste manual (Error provocado)
1538,Optimista,2026-09-18,245778.98,Ajuste valido para Optimista
1539,Base,2026-04-17,36948.91,Ajuste valido para Base
1540,Optimista,2026-01-06,481752.94,Ajuste valido para Optimista
1541,Pesimista,2026-07-19,173631.69,Ajuste valido para Pesimista
1542,Base,2026-09-06,127601.83,Ajuste valido para Base
1543,Pesimista,2026-03-16,9848.59,Ajuste valido para Pesimista
1544,Optimista,2026-11-11,-1784.54,Ajuste manual (Error provocado)
1545,Optimista,2026-08-17,249908.06,Ajuste valido para Optimista
1546,Pesimista,2026-11-01,162617.53,Ajuste valido para Pesimista
1547,Base,2026-03-04,450065.47,Ajuste valido para Base
1548,Base,2026-08-22,267148.77,Ajuste valido para Base
1549,Base,2026-03-29,281544.74,Ajuste valido para Base
1550,Pesimista,2026-08-27,184841.51,Ajuste valido para Pesimista
1551,Optimista,2026-02-13,461089.39,Ajuste valido para Optimista
1552,Base,2026-01-02,474975.5,Ajuste valido para Base
1553,Pesimista,2026-09-05,495531.02,Ajuste valido para Pesimista
1554,Base,2026-06-09,325702.52,Ajuste valido para Base
1555,Optimista,2026-01-13,371013.62,Ajuste valido para Optimista
1556,Optimista,2026-12-03,296512.14,Ajuste valido para Optimista
1557,Pesimista,2026-08-30,382634.03,Ajuste valido para Pesimista
1558,Optimista,2026-08-07,395890.46,Ajuste valido para Optimista
1559,Optimista,2026-04-26,188606.14,Ajuste valido para Optimista
1560,Base,2026-01-04,497717.06,Ajuste valido para Base
1561,Base,2026-03-26,130118.89,Ajuste valido para Base
1562,Base,2026-10-31,194458.74,Ajuste valido para Base
1563,Pesimista,2026-02-01,197331.2,Ajuste valido para Pesimista
1564,Pesimista,2026-03-14,327392.82,Ajuste valido para Pesimista
1565,Optimista,2026-04-26,338016.59,Ajuste valido para Optimista
1566,Optimista,2026-12-06,66192.29,Ajuste valido para Optimista
1567,Optimista,2026-10-11,118340.06,Ajuste valido para Optimista
1568,Optimista,2026-12-07,213375.7,Ajuste valido para Optimista
1569,Pesimista,2026-07-01,405264.15,Ajuste valido para Pesimista
1570,Optimista,2026-01-01,389312.22,Ajuste valido para Optimista
1571,Optimista,2026-06-26,426587.71,Ajuste valido para Optimista
1572,Base,2026-04-19,72437.38,Ajuste valido para Base
1573,Optimista,2026-03-22,244827.05,Ajuste valido para Optimista
1574,Pesimista,2026-11-15,292551.71,Ajuste valido para Pesimista
1575,Base,2026-06-20,263891.3,Ajuste valido para Base
1576,Base,2026-08-04,260969.12,Ajuste valido para Base
1577,Optimista,2026-09-08,77190.51,Ajuste valido para Optimista
1578,Optimista,2026-02-22,55861.49,Ajuste valido para Optimista
1579,Pesimista,2026-11-11,459835.31,Ajuste valido para Pesimista
1580,Base,2026-12-28,276087.49,Ajuste valido para Base
1581,Pesimista,2026-10-30,384156.42,Ajuste valido para Pesimista
1582,Base,2026-12-19,-1554.38,Ajuste manual (Error provocado)
1583,Pesimista,2026-09-07,211674.05,Ajuste valido para Pesimista
1584,Pesimista,2026-10-20,327806.57,Ajuste valido para Pesimista
1585,Pesimista,2026-10-07,153675.29,Ajuste valido para Pesimista
1586,Pesimista,2026-10-02,403079.7,Ajuste valido para Pesimista
1587,Base,2026-07-25,434299.69,Ajuste valido para Base
1588,Optimista,2026-08-12,155439.35,Ajuste valido para Optimista
1589,Optimista,2026-05-28,106560.29,Ajuste valido para Optimista
1590,Pesimista,2026-02-12,474676.52,Ajuste valido para Pesimista
1591,Base,2026-04-14,248412.91,Ajuste valido para Base
1592,Optimista,2026-01-21,462420.16,Ajuste valido para Optimista
1593,Base,2026-09-10,18622.56,Ajuste valido para Base
1594,Pesimista,2026-07-20,262399.73,Ajuste valido para Pesimista
1595,Optimista,2026-05-13,484983.31,Ajuste valido para Optimista
1596,Optimista,2026-09-16,3593.54,Ajuste valido para Optimista
1597,Optimista,2026-05-12,256225.87,Ajuste valido para Optimista
1598,Optimista,2026-12-16,451785.42,Ajuste valido para Optimista
1599,Pesimista,2026-04-17,437505.18,Ajuste valido para Pesimista
1600,Optimista,2026-12-03,307838.34,Ajuste valido para Optimista
1601,Pesimista,2026-01-31,482916.68,Ajuste valido para Pesimista
1602,Base,2026-09-12,92373.45,Ajuste valido para Base
1603,Optimista,2026-07-03,476292.64,Ajuste valido para Optimista
1604,Base,2026-03-03,309691.23,Ajuste valido para Base
1605,Base,2026-07-08,459981.72,Ajuste valido para Base
1606,Base,2026-07-21,392430.5,Ajuste valido para Base
1607,Base,2026-03-07,67620.34,Ajuste valido para Base
1608,Optimista,2026-12-18,134641.11,Ajuste valido para Optimista
1609,Base,2026-12-20,386585.51,Ajuste valido para Base
1610,Pesimista,2026-07-12,45508.64,Ajuste valido para Pesimista
1611,Pesimista,2026-04-26,414466.74,Ajuste valido para Pesimista
1612,Optimista,2026-07-31,110655.47,Ajuste valido para Optimista
1613,Pesimista,2026-01-21,343502.32,Ajuste valido para Pesimista
1614,Pesimista,2026-03-17,129131.68,Ajuste valido para Pesimista
1615,Base,2026-10-05,7330.34,Ajuste valido para Base
1616,Optimista,2026-01-14,397017.43,Ajuste valido para Optimista
1617,Optimista,2026-03-07,40838.3,Ajuste valido para Optimista
1618,Optimista,2026-08-31,327981.75,Ajuste valido para Optimista
1619,Base,2026-06-28,46952.24,Ajuste valido para Base
1620,Optimista,2026-07-17,467967.14,Ajuste valido para Optimista
1621,Optimista,2026-07-03,41209.05,Ajuste valido para Optimista
1622,Base,2026-03-28,130012.37,Ajuste valido para Base
1623,Pesimista,2026-10-12,16316.02,Ajuste valido para Pesimista
1624,Pesimista,2026-12-16,69484.74,Ajuste valido para Pesimista
1625,Pesimista,2026-06-04,438022.06,Ajuste valido para Pesimista
1626,Base,2026-03-02,159446.21,Ajuste valido para Base
1627,Optimista,2026-03-27,402496.42,Ajuste valido para Optimista
1628,Pesimista,2026-11-23,95712.51,Ajuste valido para Pesimista
1629,Pesimista,2026-12-01,6981.92,Ajuste valido para Pesimista
1630,Optimista,2026-11-26,365181.85,Ajuste valido para Optimista
1631,Optimista,2026-05-20,347953.65,Ajuste valido para Optimista
1632,Pesimista,2026-12-13,374177.95,Ajuste valido para Pesimista
1633,Optimista,2026-04-09,368282.43,Ajuste valido para Optimista
1634,Optimista,2026-09-14,266740.88,Ajuste valido para Optimista
1635,Base,2026-05-01,-4521.21,Ajuste manual (Error provocado)
1636,Pesimista,2026-10-29,212857.49,Ajuste valido para Pesimista
1637,Optimista,2026-06-09,49479.96,Ajuste valido para Optimista
1638,Optimista,2026-10-16,361593.3,Ajuste valido para Optimista
1639,Base,2026-10-25,356678.08,Ajuste valido para Base
1640,Optimista,2026-11-05,151299.96,Ajuste valido para Optimista
1641,Pesimista,2026-11-07,367825.07,Ajuste valido para Pesimista
1642,Base,2026-09-27,349662.8,Ajuste valido para Base
1643,Pesimista,2026-04-20,286819.91,Ajuste valido para Pesimista
1644,Pesimista,2026-06-29,118359.32,Ajuste valido para Pesimista
1645,Pesimista,2026-07-17,264324.13,Ajuste valido para Pesimista
1646,Base,2026-10-26,237165.96,Ajuste valido para Base
1647,Pesimista,2026-10-23,262371.04,Ajuste valido para Pesimista
1648,Optimista,2026-06-27,491066.86,Ajuste valido para Optimista
1649,Optimista,2026-06-10,329101.62,Ajuste valido para Optimista
1650,Base,2026-01-08,411447.53,Ajuste valido para Base
1651,Pesimista,2026-08-08,434908.98,Ajuste valido para Pesimista
1652,Base,2026-01-09,194005.21,Ajuste valido para Base
1653,Optimista,2026-11-02,388280.33,Ajuste valido para Optimista
1654,Pesimista,2026-06-24,76286.67,Ajuste valido para Pesimista
1655,Base,2026-04-01,135188.49,Ajuste valido para Base
1656,Base,2026-12-30,215972.05,Ajuste valido para Base
1657,Base,2026-07-13,55817.19,Ajuste valido para Base
1658,Optimista,2026-03-19,73453.23,Ajuste valido para Optimista
1659,Optimista,2026-03-02,19263.25,Ajuste valido para Optimista
1660,Base,2026-07-17,350147.42,Ajuste valido para Base
1661,Base,2026-06-28,280045.36,Ajuste valido para Base
1662,Base,2026-01-08,422458.93,Ajuste valido para Base
1663,Base,2026-07-01,303229.77,Ajuste valido para Base
1664,Pesimista,2026-05-06,50383.01,Ajuste valido para Pesimista
1665,Optimista,2026-11-19,TextoInvalido,Error tipografico
1666,Optimista,2026-10-08,353877.6,Ajuste valido para Optimista
1667,Optimista,2026-10-30,225616.68,Ajuste valido para Optimista
1668,Optimista,2026-01-17,85277.36,Ajuste valido para Optimista
1669,Base,2026-02-03,200121.95,Ajuste valido para Base
1670,Optimista,2026-03-12,268435.45,Ajuste valido para Optimista
1671,Optimista,2026-02-27,7174.58,Ajuste valido para Optimista
1672,Pesimista,2026-02-19,117201.39,Ajuste valido para Pesimista
1673,Base,2026-06-06,90936.1,Ajuste valido para Base
1674,Pesimista,2026-05-22,74824.79,Ajuste valido para Pesimista
1675,Base,2026-11-15,375774.16,Ajuste valido para Base
1676,Optimista,2026-10-26,131267.92,Ajuste valido para Optimista
1677,Pesimista,2026-04-11,120082.71,Ajuste valido para Pesimista
1678,Pesimista,2026-09-04,193527.41,Ajuste valido para Pesimista
1679,Base,2026-09-22,83777.82,Ajuste valido para Base
1680,Optimista,2026-02-28,371044.36,Ajuste valido para Optimista
1681,Optimista,2026-06-22,326537.46,Ajuste valido para Optimista
1682,Optimista,2026-12-12,94616.67,Ajuste valido para Optimista
1683,Base,2026-05-18,462750.42,Ajuste valido para Base
1684,Optimista,2026-04-28,90378.65,Ajuste valido para Optimista
1685,Base,2026-05-27,-4788.25,Ajuste manual (Error provocado)
1686,Pesimista,2026-11-20,436377.39,Ajuste valido para Pesimista
1687,Pesimista,2026-06-22,62412.62,Ajuste valido para Pesimista
1688,Base,2026-12-15,128150.25,Ajuste valido para Base
1689,Base,2026-07-03,478859.05,Ajuste valido para Base
1690,Pesimista,2026-11-04,-4371.83,Ajuste manual (Error provocado)
1691,Pesimista,2026-10-24,53364.34,Ajuste valido para Pesimista
1692,Base,2026-10-31,19084.66,Ajuste valido para Base
1693,Pesimista,2026-05-22,106053.3,Ajuste valido para Pesimista
1694,Base,2026-08-09,364923.1,Ajuste valido para Base
1695,Base,2026-01-06,-637.1,Ajuste manual (Error provocado)
1696,Optimista,2026-07-15,,Falta valor
1697,Pesimista,2026-06-21,95534.92,Ajuste valido para Pesimista
1698,Optimista,2026-07-09,,Falta valor
1699,Pesimista,2026-01-05,18401.53,Ajuste valido para Pesimista
1700,Optimista,2026-09-15,217904.44,Ajuste valido para Optimista
1701,Pesimista,2026-11-16,499199.1,Ajuste valido para Pesimista
1702,Pesimista,2026-10-26,68623.29,Ajuste valido para Pesimista
1703,Optimista,2026-04-18,384055.22,Ajuste valido para Optimista
1704,Optimista,2026-10-23,340306.4,Ajuste valido para Optimista
1705,Pesimista,2026-10-09,218344.14,Ajuste valido para Pesimista
1706,Base,2026-05-20,,Falta valor
1707,Pesimista,2026-01-01,271893.53,Ajuste valido para Pesimista
1708,Pesimista,2026-08-17,451311.86,Ajuste valido para Pesimista
1709,Base,2026-07-11,218641.52,Ajuste valido para Base
1710,Pesimista,2026-11-29,403276.31,Ajuste valido para Pesimista
1711,Pesimista,2026-09-17,149697.23,Ajuste valido para Pesimista
1712,Pesimista,2026-11-20,278162.87,Ajuste valido para Pesimista
1713,Pesimista,2026-08-19,232583.94,Ajuste valido para Pesimista
1714,Optimista,2026-03-07,83175.48,Ajuste valido para Optimista
1715,Base,2026-05-10,147740.18,Ajuste valido para Base
1716,Optimista,2026-08-30,353114.41,Ajuste valido para Optimista
1717,Optimista,2026-04-30,9613.32,Ajuste valido para Optimista
1718,Base,2026-12-20,207903.88,Ajuste valido para Base
1719,Pesimista,2026-03-11,115662.26,Ajuste valido para Pesimista
1720,Optimista,2026-07-21,182686.75,Ajuste valido para Optimista
1721,Optimista,2026-02-02,344386.64,Ajuste valido para Optimista
1722,Optimista,2026-02-03,306896.98,Ajuste valido para Optimista
1723,Pesimista,2026-08-22,432627.69,Ajuste valido para Pesimista
1724,Optimista,2026-10-07,177740.48,Ajuste valido para Optimista
1725,Base,2026-04-12,301211.95,Ajuste valido para Base
1726,Optimista,2026-06-23,164458.9,Ajuste valido para Optimista
1727,Base,2026-04-15,73802.27,Ajuste valido para Base
1728,Pesimista,2026-05-13,267421.18,Ajuste valido para Pesimista
1729,Pesimista,2026-10-22,,Falta valor
1730,Optimista,2026-05-19,465057.79,Ajuste valido para Optimista
1731,Base,2026-05-21,496536.42,Ajuste valido para Base
1732,Optimista,2026-12-01,287963.17,Ajuste valido para Optimista
1733,Optimista,2026-07-23,99073.66,Ajuste valido para Optimista
1734,Optimista,2026-03-17,251610.5,Ajuste valido para Optimista
1735,Base,2026-09-04,175612.66,Ajuste valido para Base
1736,Optimista,2026-05-10,469123.37,Ajuste valido para Optimista
1737,Pesimista,2026-04-10,431677.16,Ajuste valido para Pesimista
1738,Base,2026-06-02,247937.27,Ajuste valido para Base
1739,Base,2026-01-05,194965.85,Ajuste valido para Base
1740,Pesimista,2026-05-17,388226.37,Ajuste valido para Pesimista
1741,Base,2026-08-06,351197.91,Ajuste valido para Base
1742,Pesimista,2026-07-14,1934.73,Ajuste valido para Pesimista
1743,Pesimista,2026-10-07,404786.69,Ajuste valido para Pesimista
1744,Base,2026-02-09,31589.26,Ajuste valido para Base
1745,Base,2026-09-26,176010.43,Ajuste valido para Base
1746,Optimista,2026-02-26,36968.11,Ajuste valido para Optimista
1747,Base,2026-11-01,223098.58,Ajuste valido para Base
1748,Optimista,2026-03-22,419977.71,Ajuste valido para Optimista
1749,Optimista,2026-04-22,398430.6,Ajuste valido para Optimista
1750,Base,2026-03-13,327206.35,Ajuste valido para Base
1751,Pesimista,2026-08-21,2785.96,Ajuste valido para Pesimista
1752,Pesimista,2026-05-13,83221.76,Ajuste valido para Pesimista
1753,Base,2026-01-14,134176.54,Ajuste valido para Base
1754,Pesimista,2026-04-08,248428.07,Ajuste valido para Pesimista
1755,Base,2026-07-10,121541.49,Ajuste valido para Base
1756,Pesimista,2026-05-07,128087.92,Ajuste valido para Pesimista
1757,Pesimista,2026-03-07,-1056.19,Ajuste manual (Error provocado)
1758,Pesimista,2026-06-13,153124.0,Ajuste valido para Pesimista
1759,Optimista,2026-12-07,102228.06,Ajuste valido para Optimista
1760,Base,2026-07-03,183522.21,Ajuste valido para Base
1761,Base,2026-01-20,321997.44,Ajuste valido para Base
1762,Base,2026-12-18,130397.15,Ajuste valido para Base
1763,Base,2026-07-15,107665.94,Ajuste valido para Base
1764,Base,2026-09-09,412353.78,Ajuste valido para Base
1765,Base,2026-08-07,238181.59,Ajuste valido para Base
1766,Optimista,2026-05-04,332868.28,Ajuste valido para Optimista
1767,Base,2026-03-09,477877.59,Ajuste valido para Base
1768,Optimista,2026-09-23,191200.28,Ajuste valido para Optimista
1769,Pesimista,2026-07-02,287691.85,Ajuste valido para Pesimista
1770,Pesimista,2026-10-09,331076.51,Ajuste valido para Pesimista
1771,Base,2026-02-15,367133.55,Ajuste valido para Base
1772,Base,2026-11-10,416639.95,Ajuste valido para Base
1773,Optimista,2026-07-01,388349.39,Ajuste valido para Optimista
1774,Base,2026-07-31,244518.63,Ajuste valido para Base
1775,Optimista,2026-02-16,204358.52,Ajuste valido para Optimista
1776,Pesimista,2026-12-06,437880.35,Ajuste valido para Pesimista
1777,Base,2026-07-07,413342.41,Ajuste valido para Base
1778,Optimista,2026-02-15,174428.49,Ajuste valido para Optimista
1779,Base,2026-03-12,484518.33,Ajuste valido para Base
1780,Base,2026-12-28,-652.66,Ajuste manual (Error provocado)
1781,Optimista,2026-07-31,146110.67,Ajuste valido para Optimista
1782,Pesimista,2026-12-11,300549.89,Ajuste valido para Pesimista
1783,Optimista,2026-01-18,236420.57,Ajuste valido para Optimista
1784,Optimista,2026-07-21,394408.09,Ajuste valido para Optimista
1785,Base,2026-03-08,135761.41,Ajuste valido para Base
1786,Base,2026-12-10,453187.32,Ajuste valido para Base
1787,Optimista,2026-04-01,218782.39,Ajuste valido para Optimista
1788,Pesimista,2026-03-23,126356.23,Ajuste valido para Pesimista
1789,Base,2026-12-14,196868.26,Ajuste valido para Base
1790,Pesimista,2026-01-07,396476.94,Ajuste valido para Pesimista
1791,Optimista,2026-09-13,369240.6,Ajuste valido para Optimista
1792,Optimista,2026-12-18,117275.02,Ajuste valido para Optimista
1793,Optimista,2026-03-12,256405.44,Ajuste valido para Optimista
1794,Optimista,2026-06-07,235502.14,Ajuste valido para Optimista
1795,Base,2026-08-05,17622.34,Ajuste valido para Base
1796,Base,2026-06-05,73373.31,Ajuste valido para Base
1797,Pesimista,2026-02-06,128792.07,Ajuste valido para Pesimista
1798,Optimista,2026-05-12,75869.41,Ajuste valido para Optimista
1799,Optimista,2026-04-02,235770.65,Ajuste valido para Optimista
1800,Optimista,2026-10-07,334198.61,Ajuste valido para Optimista
1801,Optimista,2026-01-02,447588.42,Ajuste valido para Optimista
1802,Base,2026-11-15,153478.25,Ajuste valido para Base
1803,Optimista,2026-11-06,47887.38,Ajuste valido para Optimista
1804,Base,2026-03-16,452153.84,Ajuste valido para Base
1805,Base,2026-10-08,373841.32,Ajuste valido para Base
1806,Base,2026-01-22,201281.49,Ajuste valido para Base
1807,Pesimista,2026-12-08,356663.03,Ajuste valido para Pesimista
1808,Optimista,2026-07-29,TextoInvalido,Error tipografico
1809,Optimista,2026-06-03,161754.22,Ajuste valido para Optimista
1810,Pesimista,2026-01-04,343859.15,Ajuste valido para Pesimista
1811,Pesimista,2026-11-28,359102.46,Ajuste valido para Pesimista
1812,Optimista,2026-08-08,456386.8,Ajuste valido para Optimista
1813,Pesimista,2026-05-09,98164.25,Ajuste valido para Pesimista
1814,Optimista,2026-11-12,245006.29,Ajuste valido para Optimista
1815,Pesimista,2026-05-16,208147.15,Ajuste valido para Pesimista
1816,Pesimista,2026-03-11,445699.54,Ajuste valido para Pesimista
1817,Pesimista,2026-01-21,11974.17,Ajuste valido para Pesimista
1818,Pesimista,2026-06-28,164602.74,Ajuste valido para Pesimista
1819,Optimista,2026-08-02,89780.16,Ajuste valido para Optimista
1820,Pesimista,2026-10-24,184378.75,Ajuste valido para Pesimista
1821,Base,2026-04-25,66678.53,Ajuste valido para Base
1822,Pesimista,2026-05-30,263908.39,Ajuste valido para Pesimista
1823,Optimista,2026-06-13,470635.22,Ajuste valido para Optimista
1824,Base,2026-05-17,76360.08,Ajuste valido para Base
1825,Base,2026-09-12,274276.15,Ajuste valido para Base
1826,Optimista,2026-05-07,448060.34,Ajuste valido para Optimista
1827,Base,2026-09-24,149658.8,Ajuste valido para Base
1828,Pesimista,2026-10-03,198031.32,Ajuste valido para Pesimista
1829,Pesimista,2026-05-13,123539.75,Ajuste valido para Pesimista
1830,Base,2026-10-28,485785.31,Ajuste valido para Base
1831,Optimista,2026-01-24,461075.18,Ajuste valido para Optimista
1832,Pesimista,2026-05-02,407665.6,Ajuste valido para Pesimista
1833,Optimista,2026-12-26,32784.64,Ajuste valido para Optimista
1834,Pesimista,2026-09-12,332076.12,Ajuste valido para Pesimista
1835,Base,2026-03-21,190723.81,Ajuste valido para Base
1836,Pesimista,2026-11-03,406156.26,Ajuste valido para Pesimista
1837,Base,2026-11-15,433160.22,Ajuste valido para Base
1838,Base,2026-07-13,264074.39,Ajuste valido para Base
1839,Base,2026-01-30,237919.6,Ajuste valido para Base
1840,Pesimista,2026-01-17,346472.37,Ajuste valido para Pesimista
1841,Optimista,2026-04-03,190092.94,Ajuste valido para Optimista
1842,Base,2026-06-22,305549.06,Ajuste valido para Base
1843,Pesimista,2026-01-03,216300.42,Ajuste valido para Pesimista
1844,Base,2026-09-19,359943.04,Ajuste valido para Base
1845,Base,2026-06-28,267818.63,Ajuste valido para Base
1846,Base,2026-08-07,234440.47,Ajuste valido para Base
1847,Pesimista,2026-08-07,51490.22,Ajuste valido para Pesimista
1848,Pesimista,2026-01-08,186817.96,Ajuste valido para Pesimista
1849,Pesimista,2026-02-05,259226.73,Ajuste valido para Pesimista
1850,Optimista,2026-08-03,262297.09,Ajuste valido para Optimista
1851,Pesimista,2026-05-15,157780.66,Ajuste valido para Pesimista
1852,Pesimista,2026-02-05,308713.41,Ajuste valido para Pesimista
1853,Optimista,2026-06-24,214676.36,Ajuste valido para Optimista
1854,Optimista,2026-04-09,110660.98,Ajuste valido para Optimista
1855,Optimista,2026-06-08,251696.79,Ajuste valido para Optimista
1856,Base,2026-01-11,41826.8,Ajuste valido para Base
1857,Base,2026-04-29,176106.52,Ajuste valido para Base
1858,Optimista,2026-02-28,139403.41,Ajuste valido para Optimista
1859,Base,2026-02-16,344456.04,Ajuste valido para Base
1860,Optimista,2026-03-15,,Falta valor
1861,Pesimista,2026-10-01,432581.5,Ajuste valido para Pesimista
1862,Optimista,2026-05-19,55597.5,Ajuste valido para Optimista
1863,Pesimista,2026-10-23,486702.83,Ajuste valido para Pesimista
1864,Optimista,2026-10-08,180990.13,Ajuste valido para Optimista
1865,Base,2026-05-24,355314.72,Ajuste valido para Base
1866,Pesimista,2026-05-24,293600.02,Ajuste valido para Pesimista
1867,Base,2026-02-12,407452.53,Ajuste valido para Base
1868,Base,2026-06-15,,Falta valor
1869,Optimista,2026-05-06,262283.25,Ajuste valido para Optimista
1870,Base,2026-11-06,85784.21,Ajuste valido para Base
1871,Pesimista,2026-05-02,480288.59,Ajuste valido para Pesimista
1872,Optimista,2026-06-15,492418.66,Ajuste valido para Optimista
1873,Optimista,2026-02-27,474259.19,Ajuste valido para Optimista
1874,Optimista,2026-10-26,433667.93,Ajuste valido para Optimista
1875,Base,2026-07-26,280381.4,Ajuste valido para Base
1876,Base,2026-06-09,359574.84,Ajuste valido para Base
1877,Pesimista,2026-12-23,340862.85,Ajuste valido para Pesimista
1878,Pesimista,2026-07-29,,Falta valor
1879,Base,2026-10-19,208091.79,Ajuste valido para Base
1880,Pesimista,2026-07-07,475337.52,Ajuste valido para Pesimista
1881,Optimista,2026-08-07,113264.17,Ajuste valido para Optimista
1882,Pesimista,2026-11-24,48415.06,Ajuste valido para Pesimista
1883,Pesimista,2026-12-15,TextoInvalido,Error tipografico
1884,Base,2026-03-21,141669.83,Ajuste valido para Base
1885,Optimista,2026-02-15,4955.67,Ajuste valido para Optimista
1886,Base,2026-03-21,262477.56,Ajuste valido para Base
1887,Base,2026-01-25,133526.14,Ajuste valido para Base
1888,Pesimista,2026-08-31,75372.42,Ajuste valido para Pesimista
1889,Pesimista,2026-02-26,258738.03,Ajuste valido para Pesimista
1890,Base,2026-04-04,28202.24,Ajuste valido para Base
1891,Optimista,2026-05-12,197805.38,Ajuste valido para Optimista
1892,Pesimista,2026-08-04,94116.39,Ajuste valido para Pesimista
1893,Optimista,2026-04-09,123973.86,Ajuste valido para Optimista
1894,Optimista,2026-01-07,342591.16,Ajuste valido para Optimista
1895,Pesimista,2026-10-25,493677.4,Ajuste valido para Pesimista
1896,Pesimista,2026-09-11,11934.75,Ajuste valido para Pesimista
1897,Base,2026-12-18,430662.14,Ajuste valido para Base
1898,Optimista,2026-06-08,185341.39,Ajuste valido para Optimista
1899,Base,2026-01-23,385954.44,Ajuste valido para Base
1900,Optimista,2026-09-03,481547.83,Ajuste valido para Optimista
1901,Optimista,2026-05-02,159639.09,Ajuste valido para Optimista
1902,Pesimista,2026-06-24,184386.75,Ajuste valido para Pesimista
1903,Base,2026-01-10,244240.23,Ajuste valido para Base
1904,Pesimista,2026-12-28,361412.73,Ajuste valido para Pesimista
1905,Optimista,2026-12-27,486220.27,Ajuste valido para Optimista
1906,Base,2026-02-05,59725.65,Ajuste valido para Base
1907,Optimista,2026-01-05,32583.97,Ajuste valido para Optimista
1908,Pesimista,2026-07-01,20615.85,Ajuste valido para Pesimista
1909,Pesimista,2026-05-02,127996.93,Ajuste valido para Pesimista
1910,Pesimista,2026-03-19,203763.29,Ajuste valido para Pesimista
1911,Pesimista,2026-03-21,481666.0,Ajuste valido para Pesimista
1912,Pesimista,2026-01-01,236593.16,Ajuste valido para Pesimista
1913,Optimista,2026-08-24,307340.97,Ajuste valido para Optimista
1914,Base,2026-01-06,127114.4,Ajuste valido para Base
1915,Base,2026-05-13,421342.36,Ajuste valido para Base
1916,Base,2026-12-30,218045.31,Ajuste valido para Base
1917,Pesimista,2026-08-19,402025.19,Ajuste valido para Pesimista
1918,Pesimista,2026-03-21,60906.95,Ajuste valido para Pesimista
1919,Optimista,2026-12-23,4308.89,Ajuste valido para Optimista
1920,Base,2026-04-21,481244.89,Ajuste valido para Base
1921,Optimista,2026-11-29,134564.89,Ajuste valido para Optimista
1922,Optimista,2026-06-24,398186.98,Ajuste valido para Optimista
1923,Pesimista,2026-04-15,462499.04,Ajuste valido para Pesimista
1924,Pesimista,2026-02-28,368272.14,Ajuste valido para Pesimista
1925,Pesimista,2026-11-09,358365.59,Ajuste valido para Pesimista
1926,Base,2026-12-07,,Falta valor
1927,Pesimista,2026-04-23,28667.38,Ajuste valido para Pesimista
1928,Pesimista,2026-03-14,429629.91,Ajuste valido para Pesimista
1929,Pesimista,2026-04-22,219415.15,Ajuste valido para Pesimista
1930,Optimista,2026-09-14,481702.49,Ajuste valido para Optimista
1931,Pesimista,2026-08-21,26086.83,Ajuste valido para Pesimista
1932,Pesimista,2026-04-05,498177.77,Ajuste valido para Pesimista
1933,Optimista,2026-12-20,TextoInvalido,Error tipografico
1934,Pesimista,2026-09-27,349765.55,Ajuste valido para Pesimista
1935,Optimista,2026-01-24,425477.62,Ajuste valido para Optimista
1936,Optimista,2026-08-11,472808.07,Ajuste valido para Optimista
1937,Base,2026-04-17,101216.64,Ajuste valido para Base
1938,Pesimista,2026-08-10,115162.04,Ajuste valido para Pesimista
1939,Base,2026-06-05,140386.37,Ajuste valido para Base
1940,Pesimista,2026-05-15,254702.24,Ajuste valido para Pesimista
1941,Optimista,2026-07-10,,Falta valor
1942,Pesimista,2026-03-19,341895.47,Ajuste valido para Pesimista
1943,Pesimista,2026-12-29,137946.97,Ajuste valido para Pesimista
1944,Pesimista,2026-12-01,104005.48,Ajuste valido para Pesimista
1945,Optimista,2026-01-04,68359.36,Ajuste valido para Optimista
1946,Base,2026-02-23,422618.68,Ajuste valido para Base
1947,Optimista,2026-04-27,237526.56,Ajuste valido para Optimista
1948,Pesimista,2026-03-03,142980.83,Ajuste valido para Pesimista
1949,Pesimista,2026-06-15,411811.35,Ajuste valido para Pesimista
1950,Pesimista,2026-05-19,95895.26,Ajuste valido para Pesimista
1951,Optimista,2026-05-04,305551.51,Ajuste valido para Optimista
1952,Optimista,2026-01-25,443775.99,Ajuste valido para Optimista
1953,Optimista,2026-09-06,188731.15,Ajuste valido para Optimista
1954,Optimista,2026-02-05,239073.32,Ajuste valido para Optimista
1955,Optimista,2026-07-12,339349.95,Ajuste valido para Optimista
1956,Base,2026-01-11,370339.83,Ajuste valido para Base
1957,Pesimista,2026-04-03,492927.94,Ajuste valido para Pesimista
1958,Base,2026-10-27,287069.43,Ajuste valido para Base
1959,Optimista,2026-05-31,427457.45,Ajuste valido para Optimista
1960,Optimista,2026-12-08,332139.42,Ajuste valido para Optimista
1961,Optimista,2026-09-28,185462.34,Ajuste valido para Optimista
1962,Base,2026-10-21,322735.65,Ajuste valido para Base
1963,Optimista,2026-11-21,201627.18,Ajuste valido para Optimista
1964,Optimista,2026-08-09,96212.39,Ajuste valido para Optimista
1965,Optimista,2026-07-22,198872.22,Ajuste valido para Optimista
1966,Optimista,2026-02-14,155009.34,Ajuste valido para Optimista
1967,Optimista,2026-03-20,33858.57,Ajuste valido para Optimista
1968,Base,2026-01-12,438767.95,Ajuste valido para Base
1969,Optimista,2026-07-05,460055.75,Ajuste valido para Optimista
1970,Base,2026-08-02,229746.28,Ajuste valido para Base
1971,Pesimista,2026-06-29,447430.66,Ajuste valido para Pesimista
1972,Pesimista,2026-01-29,424058.35,Ajuste valido para Pesimista
1973,Optimista,2026-04-29,246938.44,Ajuste valido para Optimista
1974,Optimista,2026-12-08,497052.19,Ajuste valido para Optimista
1975,Optimista,2026-12-31,149006.57,Ajuste valido para Optimista
1976,Optimista,2026-09-29,58468.88,Ajuste valido para Optimista
1977,Pesimista,2026-12-25,148841.23,Ajuste valido para Pesimista
1978,Base,2026-03-28,148865.37,Ajuste valido para Base
1979,Base,2026-05-01,270076.32,Ajuste valido para Base
1980,Base,2026-07-29,430110.69,Ajuste valido para Base
1981,Base,2026-10-02,295501.49,Ajuste valido para Base
1982,Base,2026-07-22,67640.47,Ajuste valido para Base
1983,Pesimista,2026-07-15,285186.45,Ajuste valido para Pesimista
1984,Pesimista,2026-07-12,-2789.94,Ajuste manual (Error provocado)
1985,Optimista,2026-12-19,126145.39,Ajuste valido para Optimista
1986,Base,2026-03-12,193809.18,Ajuste valido para Base
1987,Optimista,2026-04-12,181333.27,Ajuste valido para Optimista
1988,Pesimista,2026-09-04,254720.34,Ajuste valido para Pesimista
1989,Pesimista,2026-04-12,488629.64,Ajuste valido para Pesimista
1990,Optimista,2026-09-02,389513.87,Ajuste valido para Optimista
1991,Optimista,2026-08-02,125936.65,Ajuste valido para Optimista
1992,Base,2026-04-27,292884.3,Ajuste valido para Base
1993,Pesimista,2026-10-10,305097.03,Ajuste valido para Pesimista
1994,Optimista,2026-11-12,8512.75,Ajuste valido para Optimista
1995,Pesimista,2026-06-14,474497.36,Ajuste valido para Pesimista
1996,Pesimista,2026-12-23,287044.23,Ajuste valido para Pesimista
1997,Optimista,2026-04-02,166148.92,Ajuste valido para Optimista
1998,Pesimista,2026-07-03,460263.69,Ajuste valido para Pesimista
1999,Pesimista,2026-02-20,77927.01,Ajuste valido para Pesimista
2000,Optimista,2026-10-13,196768.35,Ajuste valido para Optimista
2001,Optimista,2026-06-07,384726.56,Ajuste valido para Optimista
2002,Optimista,2026-02-08,373752.36,Ajuste valido para Optimista
2003,Optimista,2026-10-21,,Falta valor
2004,Base,2026-12-25,104281.92,Ajuste valido para Base
2005,Optimista,2026-04-01,302946.15,Ajuste valido para Optimista
2006,Pesimista,2026-10-27,17707.14,Ajuste valido para Pesimista
2007,Base,2026-03-22,,Falta valor
2008,Pesimista,2026-10-22,301748.56,Ajuste valido para Pesimista
2009,Pesimista,2026-09-11,397971.0,Ajuste valido para Pesimista
2010,Optimista,2026-06-05,10826.68,Ajuste valido para Optimista
2011,Pesimista,2026-09-16,96772.32,Ajuste valido para Pesimista
2012,Pesimista,2026-03-01,153946.15,Ajuste valido para Pesimista
2013,Base,2026-04-28,177168.98,Ajuste valido para Base
2014,Base,2026-08-25,420587.04,Ajuste valido para Base
2015,Pesimista,2026-10-07,300029.41,Ajuste valido para Pesimista
2016,Optimista,2026-05-04,405908.84,Ajuste valido para Optimista
2017,Optimista,2026-09-04,275868.97,Ajuste valido para Optimista
2018,Base,2026-06-15,79382.36,Ajuste valido para Base
2019,Base,2026-12-12,339374.22,Ajuste valido para Base
2020,Base,2026-09-06,303917.42,Ajuste valido para Base
2021,Base,2026-06-27,195407.02,Ajuste valido para Base
2022,Pesimista,2026-03-19,182733.0,Ajuste valido para Pesimista
2023,Optimista,2026-03-01,297766.69,Ajuste valido para Optimista
2024,Pesimista,2026-07-06,26033.94,Ajuste valido para Pesimista
2025,Base,2026-04-11,227018.28,Ajuste valido para Base
2026,Pesimista,2026-05-10,51477.37,Ajuste valido para Pesimista
2027,Pesimista,2026-06-23,385261.74,Ajuste valido para Pesimista
2028,Optimista,2026-12-15,178032.43,Ajuste valido para Optimista
2029,Pesimista,2026-08-23,216599.56,Ajuste valido para Pesimista
2030,Optimista,2026-04-16,131556.75,Ajuste valido para Optimista
2031,Optimista,2026-06-04,156255.28,Ajuste valido para Optimista
2032,Optimista,2026-04-27,6026.51,Ajuste valido para Optimista
2033,Base,2026-01-26,TextoInvalido,Error tipografico
2034,Pesimista,2026-03-27,301982.24,Ajuste valido para Pesimista
2035,Pesimista,2026-07-25,278917.7,Ajuste valido para Pesimista
2036,Pesimista,2026-07-15,491196.99,Ajuste valido para Pesimista
2037,Base,2026-10-24,82691.26,Ajuste valido para Base
2038,Base,2026-03-27,70963.88,Ajuste valido para Base
2039,Optimista,2026-11-27,335230.05,Ajuste valido para Optimista
2040,Base,2026-05-03,466459.47,Ajuste valido para Base
2041,Optimista,2026-01-09,300559.54,Ajuste valido para Optimista
2042,Pesimista,2026-05-03,443445.94,Ajuste valido para Pesimista
2043,Optimista,2026-10-01,137210.09,Ajuste valido para Optimista
2044,Optimista,2026-10-14,279587.74,Ajuste valido para Optimista
2045,Base,2026-09-04,119917.12,Ajuste valido para Base
2046,Optimista,2026-03-16,355472.42,Ajuste valido para Optimista
2047,Optimista,2026-01-30,97145.55,Ajuste valido para Optimista
2048,Base,2026-05-12,166710.61,Ajuste valido para Base
2049,Pesimista,2026-07-19,201223.59,Ajuste valido para Pesimista
2050,Pesimista,2026-02-18,399384.04,Ajuste valido para Pesimista
2051,Pesimista,2026-06-13,371931.36,Ajuste valido para Pesimista
2052,Base,2026-08-12,437502.8,Ajuste valido para Base
2053,Pesimista,2026-12-16,259184.26,Ajuste valido para Pesimista
2054,Optimista,2026-01-19,350305.75,Ajuste valido para Optimista
2055,Optimista,2026-03-07,429973.27,Ajuste valido para Optimista
2056,Optimista,2026-06-18,266614.02,Ajuste valido para Optimista
2057,Pesimista,2026-01-20,466396.66,Ajuste valido para Pesimista
2058,Pesimista,2026-06-26,128477.44,Ajuste valido para Pesimista
2059,Optimista,2026-06-17,145875.82,Ajuste valido para Optimista
2060,Base,2026-01-18,263630.42,Ajuste valido para Base
2061,Base,2026-06-02,62673.27,Ajuste valido para Base
2062,Base,2026-07-29,51335.46,Ajuste valido para Base
2063,Base,2026-11-05,203926.42,Ajuste valido para Base
2064,Pesimista,2026-11-26,249480.24,Ajuste valido para Pesimista
2065,Base,2026-05-13,296149.11,Ajuste valido para Base
2066,Pesimista,2026-03-21,410087.19,Ajuste valido para Pesimista
2067,Optimista,2026-09-24,390379.73,Ajuste valido para Optimista
2068,Pesimista,2026-10-02,141676.83,Ajuste valido para Pesimista
2069,Base,2026-05-31,477878.55,Ajuste valido para Base
2070,Pesimista,2026-06-04,329207.02,Ajuste valido para Pesimista
2071,Optimista,2026-11-13,355171.71,Ajuste valido para Optimista
2072,Optimista,2026-09-26,477281.02,Ajuste valido para Optimista
2073,Optimista,2026-02-17,290887.31,Ajuste valido para Optimista
2074,Pesimista,2026-06-16,101306.93,Ajuste valido para Pesimista
2075,Base,2026-02-26,445966.57,Ajuste valido para Base
2076,Pesimista,2026-01-23,137502.9,Ajuste valido para Pesimista
2077,Optimista,2026-04-30,254804.29,Ajuste valido para Optimista
2078,Pesimista,2026-08-01,138699.54,Ajuste valido para Pesimista
2079,Optimista,2026-07-29,342507.1,Ajuste valido para Optimista
2080,Base,2026-03-19,218101.17,Ajuste valido para Base
2081,Pesimista,2026-05-09,414772.74,Ajuste valido para Pesimista
2082,Pesimista,2026-11-09,19349.99,Ajuste valido para Pesimista
2083,Pesimista,2026-11-06,TextoInvalido,Error tipografico
2084,Base,2026-08-24,428763.34,Ajuste valido para Base
2085,Optimista,2026-01-26,60797.09,Ajuste valido para Optimista
2086,Optimista,2026-02-25,245108.68,Ajuste valido para Optimista
2087,Base,2026-08-06,94957.04,Ajuste valido para Base
2088,Optimista,2026-07-21,93642.73,Ajuste valido para Optimista
2089,Base,2026-10-30,340968.56,Ajuste valido para Base
2090,Base,2026-07-10,31088.38,Ajuste valido para Base
2091,Optimista,2026-11-07,38825.89,Ajuste valido para Optimista
2092,Pesimista,2026-05-12,38490.76,Ajuste valido para Pesimista
2093,Optimista,2026-08-01,215400.6,Ajuste valido para Optimista
2094,Optimista,2026-02-20,178987.67,Ajuste valido para Optimista
2095,Pesimista,2026-11-03,250016.42,Ajuste valido para Pesimista
2096,Optimista,2026-07-22,235961.53,Ajuste valido para Optimista
2097,Base,2026-07-10,11802.27,Ajuste valido para Base
2098,Pesimista,2026-01-29,245834.35,Ajuste valido para Pesimista
2099,Base,2026-09-14,170473.87,Ajuste valido para Base
2100,Optimista,2026-06-02,-456.08,Ajuste manual (Error provocado)
2101,Pesimista,2026-09-19,286393.12,Ajuste valido para Pesimista
2102,Optimista,2026-01-06,119334.98,Ajuste valido para Optimista
2103,Pesimista,2026-11-13,234804.07,Ajuste valido para Pesimista
2104,Base,2026-03-09,237697.39,Ajuste valido para Base
2105,Pesimista,2026-12-28,149014.95,Ajuste valido para Pesimista
2106,Pesimista,2026-08-22,-4907.85,Ajuste manual (Error provocado)
2107,Base,2026-07-14,36794.73,Ajuste valido para Base
2108,Optimista,2026-06-07,478335.64,Ajuste valido para Optimista
2109,Pesimista,2026-09-19,496490.0,Ajuste valido para Pesimista
2110,Pesimista,2026-10-12,321601.89,Ajuste valido para Pesimista
2111,Base,2026-08-16,354812.71,Ajuste valido para Base
2112,Optimista,2026-12-03,284024.27,Ajuste valido para Optimista
2113,Pesimista,2026-04-17,332135.03,Ajuste valido para Pesimista
2114,Base,2026-01-25,92666.93,Ajuste valido para Base
2115,Optimista,2026-01-30,378584.89,Ajuste valido para Optimista
2116,Pesimista,2026-07-27,221731.4,Ajuste valido para Pesimista
2117,Optimista,2026-07-06,362736.62,Ajuste valido para Optimista
2118,Optimista,2026-11-08,102400.37,Ajuste valido para Optimista
2119,Base,2026-06-25,182724.62,Ajuste valido para Base
2120,Base,2026-07-25,,Falta valor
2121,Optimista,2026-12-17,186564.57,Ajuste valido para Optimista
2122,Pesimista,2026-11-24,18751.27,Ajuste valido para Pesimista
2123,Pesimista,2026-08-05,336474.86,Ajuste valido para Pesimista
2124,Pesimista,2026-10-29,29980.91,Ajuste valido para Pesimista
2125,Optimista,2026-04-02,341688.4,Ajuste valido para Optimista
2126,Optimista,2026-03-25,32837.03,Ajuste valido para Optimista
2127,Pesimista,2026-04-14,29983.86,Ajuste valido para Pesimista
2128,Pesimista,2026-06-26,16046.27,Ajuste valido para Pesimista
2129,Pesimista,2026-07-21,467319.57,Ajuste valido para Pesimista
2130,Optimista,2026-05-01,459637.29,Ajuste valido para Optimista
2131,Optimista,2026-09-13,341492.22,Ajuste valido para Optimista
2132,Base,2026-02-17,281966.16,Ajuste valido para Base
2133,Pesimista,2026-12-22,63764.0,Ajuste valido para Pesimista
2134,Pesimista,2026-06-18,397269.43,Ajuste valido para Pesimista
2135,Pesimista,2026-09-17,18455.85,Ajuste valido para Pesimista
2136,Pesimista,2027-01-01,455823.44,Ajuste valido para Pesimista
2137,Pesimista,2026-05-03,,Falta valor
2138,Optimista,2026-07-16,229285.62,Ajuste valido para Optimista
2139,Optimista,2026-05-04,88453.3,Ajuste valido para Optimista
2140,Pesimista,2026-11-06,83536.73,Ajuste valido para Pesimista
2141,Optimista,2026-10-15,115438.26,Ajuste valido para Optimista
2142,Pesimista,2026-06-19,-68.66,Ajuste manual (Error provocado)
2143,Optimista,2026-11-06,435890.37,Ajuste valido para Optimista
2144,Pesimista,2026-10-10,460129.84,Ajuste valido para Pesimista
2145,Optimista,2026-07-23,375430.62,Ajuste valido para Optimista
2146,Base,2026-09-21,278482.78,Ajuste valido para Base
2147,Pesimista,2026-07-23,461549.48,Ajuste valido para Pesimista
2148,Base,2026-05-06,465437.51,Ajuste valido para Base
2149,Base,2026-02-18,217059.95,Ajuste valido para Base
2150,Optimista,2026-02-15,103709.0,Ajuste valido para Optimista
2151,Pesimista,2026-12-26,26267.56,Ajuste valido para Pesimista
2152,Pesimista,2026-03-31,,Falta valor
2153,Base,2026-04-24,342719.77,Ajuste valido para Base
2154,Pesimista,2026-03-23,276567.09,Ajuste valido para Pesimista
2155,Optimista,2026-10-25,321663.42,Ajuste valido para Optimista
2156,Optimista,2026-04-18,300328.56,Ajuste valido para Optimista
2157,Base,2026-03-23,348796.68,Ajuste valido para Base
2158,Pesimista,2026-01-18,160997.9,Ajuste valido para Pesimista
2159,Base,2026-03-08,162958.37,Ajuste valido para Base
2160,Base,2026-05-02,72684.44,Ajuste valido para Base
2161,Base,2026-09-24,185572.92,Ajuste valido para Base
2162,Base,2026-03-07,80321.34,Ajuste valido para Base
2163,Optimista,2026-02-15,285054.17,Ajuste valido para Optimista
2164,Pesimista,2026-12-19,473580.85,Ajuste valido para Pesimista
2165,Base,2026-12-17,486818.78,Ajuste valido para Base
2166,Pesimista,2026-09-29,344564.97,Ajuste valido para Pesimista
2167,Optimista,2026-08-03,136069.52,Ajuste valido para Optimista
2168,Base,2026-11-01,217819.67,Ajuste valido para Base
2169,Pesimista,2026-04-12,386360.75,Ajuste valido para Pesimista
2170,Pesimista,2026-03-05,321484.13,Ajuste valido para Pesimista
2171,Base,2026-06-21,135348.45,Ajuste valido para Base
2172,Optimista,2026-02-26,369650.75,Ajuste valido para Optimista
2173,Base,2026-04-06,21690.13,Ajuste valido para Base
2174,Base,2026-11-28,104641.74,Ajuste valido para Base
2175,Base,2026-02-07,451801.14,Ajuste valido para Base
2176,Pesimista,2026-06-03,377198.2,Ajuste valido para Pesimista
2177,Base,2026-01-23,,Falta valor
2178,Base,2026-02-13,499221.96,Ajuste valido para Base
2179,Pesimista,2026-05-05,328182.46,Ajuste valido para Pesimista
2180,Optimista,2026-05-11,85055.22,Ajuste valido para Optimista
2181,Optimista,2026-09-24,485772.3,Ajuste valido para Optimista
2182,Optimista,2026-03-14,283432.09,Ajuste valido para Optimista
2183,Base,2026-02-26,167143.91,Ajuste valido para Base
2184,Pesimista,2026-10-31,TextoInvalido,Error tipografico
2185,Optimista,2026-07-06,418303.82,Ajuste valido para Optimista
2186,Pesimista,2026-01-03,216936.03,Ajuste valido para Pesimista
2187,Pesimista,2026-05-28,195366.0,Ajuste valido para Pesimista
2188,Pesimista,2026-09-11,114289.35,Ajuste valido para Pesimista
2189,Optimista,2026-07-06,278648.91,Ajuste valido para Optimista
2190,Base,2026-10-11,127305.56,Ajuste valido para Base
2191,Pesimista,2026-11-26,52901.93,Ajuste valido para Pesimista
2192,Optimista,2026-03-20,353935.73,Ajuste valido para Optimista
2193,Pesimista,2026-12-09,239676.62,Ajuste valido para Pesimista
2194,Pesimista,2026-12-17,202044.99,Ajuste valido para Pesimista
2195,Pesimista,2026-09-13,219222.53,Ajuste valido para Pesimista
2196,Base,2026-02-07,85162.0,Ajuste valido para Base
2197,Base,2026-09-25,47517.26,Ajuste valido para Base
2198,Base,2026-04-01,380136.22,Ajuste valido para Base
2199,Optimista,2026-04-16,141017.04,Ajuste valido para Optimista
2200,Base,2026-03-10,335434.36,Ajuste valido para Base
2201,Optimista,2026-12-05,193078.05,Ajuste valido para Optimista
2202,Optimista,2026-05-09,357132.85,Ajuste valido para Optimista
2203,Optimista,2026-12-08,355083.61,Ajuste valido para Optimista
2204,Pesimista,2026-07-16,-424.11,Ajuste manual (Error provocado)
2205,Base,2026-08-02,358974.47,Ajuste valido para Base
2206,Base,2026-03-04,214413.75,Ajuste valido para Base
2207,Pesimista,2026-09-10,348088.82,Ajuste valido para Pesimista
2208,Pesimista,2026-06-03,491316.64,Ajuste valido para Pesimista
2209,Base,2026-10-14,139289.68,Ajuste valido para Base
2210,Base,2026-08-25,398423.5,Ajuste valido para Base
2211,Optimista,2026-08-12,384832.01,Ajuste valido para Optimista
2212,Pesimista,2026-11-22,409215.62,Ajuste valido para Pesimista
2213,Base,2026-03-22,411416.66,Ajuste valido para Base
2214,Base,2026-11-12,226368.31,Ajuste valido para Base
2215,Pesimista,2026-04-30,271098.34,Ajuste valido para Pesimista
2216,Optimista,2026-10-18,48263.01,Ajuste valido para Optimista
2217,Base,2026-01-07,281344.19,Ajuste valido para Base
2218,Base,2026-09-16,18090.32,Ajuste valido para Base
2219,Optimista,2026-09-16,51084.41,Ajuste valido para Optimista
2220,Optimista,2026-09-01,256424.37,Ajuste valido para Optimista
2221,Pesimista,2026-08-24,477046.06,Ajuste valido para Pesimista
2222,Optimista,2026-11-14,127438.26,Ajuste valido para Optimista
2223,Base,2026-07-18,308495.68,Ajuste valido para Base
2224,Base,2026-07-04,417901.61,Ajuste valido para Base
2225,Pesimista,2026-07-28,489003.01,Ajuste valido para Pesimista
2226,Base,2026-04-16,245735.95,Ajuste valido para Base
2227,Optimista,2026-07-04,401071.26,Ajuste valido para Optimista
2228,Optimista,2026-01-19,248865.24,Ajuste valido para Optimista
2229,Pesimista,2026-07-03,278864.62,Ajuste valido para Pesimista
2230,Pesimista,2026-05-16,377573.56,Ajuste valido para Pesimista
2231,Pesimista,2026-06-02,338474.97,Ajuste valido para Pesimista
2232,Optimista,2026-10-01,276360.5,Ajuste valido para Optimista
2233,Base,2026-06-26,66457.65,Ajuste valido para Base
2234,Base,2026-09-18,49002.19,Ajuste valido para Base
2235,Base,2026-01-28,465043.67,Ajuste valido para Base
2236,Base,2026-07-10,60961.37,Ajuste valido para Base
2237,Base,2026-02-28,496286.68,Ajuste valido para Base
2238,Optimista,2026-09-12,295178.68,Ajuste valido para Optimista
2239,Base,2027-01-01,6029.77,Ajuste valido para Base
2240,Base,2026-05-19,306546.27,Ajuste valido para Base
2241,Base,2026-06-13,210340.29,Ajuste valido para Base
2242,Optimista,2026-04-25,475488.34,Ajuste valido para Optimista
2243,Pesimista,2026-06-18,265763.72,Ajuste valido para Pesimista
2244,Pesimista,2026-02-10,148438.41,Ajuste valido para Pesimista
2245,Base,2026-04-25,158523.09,Ajuste valido para Base
2246,Pesimista,2026-07-25,369965.49,Ajuste valido para Pesimista
2247,Base,2026-10-30,274563.13,Ajuste valido para Base
2248,Pesimista,2026-12-28,15515.24,Ajuste valido para Pesimista
2249,Optimista,2026-08-31,401326.45,Ajuste valido para Optimista
2250,Base,2026-09-10,64151.95,Ajuste valido para Base
2251,Base,2026-11-28,236593.27,Ajuste valido para Base
2252,Pesimista,2026-08-14,135531.93,Ajuste valido para Pesimista
2253,Pesimista,2026-12-23,493150.32,Ajuste valido para Pesimista
2254,Pesimista,2026-03-04,192329.92,Ajuste valido para Pesimista
2255,Pesimista,2026-12-11,66455.35,Ajuste valido para Pesimista
2256,Base,2026-09-04,421780.01,Ajuste valido para Base
2257,Pesimista,2026-03-27,273297.58,Ajuste valido para Pesimista
2258,Pesimista,2026-05-21,14521.5,Ajuste valido para Pesimista
2259,Base,2026-12-20,86675.22,Ajuste valido para Base
2260,Optimista,2026-06-03,448586.0,Ajuste valido para Optimista
2261,Pesimista,2026-06-20,426394.52,Ajuste valido para Pesimista
2262,Pesimista,2026-08-25,44922.36,Ajuste valido para Pesimista
2263,Optimista,2026-05-08,7296.66,Ajuste valido para Optimista
2264,Pesimista,2026-10-22,57924.3,Ajuste valido para Pesimista
2265,Pesimista,2026-01-17,210342.73,Ajuste valido para Pesimista
2266,Base,2026-06-06,365169.61,Ajuste valido para Base
2267,Optimista,2026-02-17,369524.63,Ajuste valido para Optimista
2268,Optimista,2026-09-15,351575.33,Ajuste valido para Optimista
2269,Base,2026-08-03,153533.5,Ajuste valido para Base
2270,Base,2026-04-22,281099.22,Ajuste valido para Base
2271,Pesimista,2026-11-26,-1412.45,Ajuste manual (Error provocado)
2272,Pesimista,2026-05-04,469019.8,Ajuste valido para Pesimista
2273,Base,2026-01-16,331566.49,Ajuste valido para Base
2274,Optimista,2026-07-16,374787.18,Ajuste valido para Optimista
2275,Pesimista,2026-10-30,227804.5,Ajuste valido para Pesimista
2276,Pesimista,2026-11-14,36550.78,Ajuste valido para Pesimista
2277,Base,2026-05-27,,Falta valor
2278,Optimista,2026-02-14,485861.16,Ajuste valido para Optimista
2279,Pesimista,2026-09-13,225251.98,Ajuste valido para Pesimista
2280,Optimista,2026-09-09,57425.66,Ajuste valido para Optimista
2281,Optimista,2026-06-27,,Falta valor
2282,Base,2026-11-04,12783.96,Ajuste valido para Base
2283,Base,2026-09-28,436257.4,Ajuste valido para Base
2284,Optimista,2026-10-06,101824.96,Ajuste valido para Optimista
2285,Pesimista,2026-08-21,496449.07,Ajuste valido para Pesimista
2286,Pesimista,2026-03-27,277400.92,Ajuste valido para Pesimista
2287,Pesimista,2026-10-24,462028.81,Ajuste valido para Pesimista
2288,Pesimista,2026-02-08,223189.41,Ajuste valido para Pesimista
2289,Optimista,2026-10-09,59331.62,Ajuste valido para Optimista
2290,Optimista,2026-11-01,346149.4,Ajuste valido para Optimista
2291,Pesimista,2026-11-07,167205.94,Ajuste valido para Pesimista
2292,Optimista,2026-03-05,21118.11,Ajuste valido para Optimista
2293,Base,2026-04-30,143550.6,Ajuste valido para Base
2294,Base,2026-01-04,136055.17,Ajuste valido para Base
2295,Base,2026-12-13,405500.25,Ajuste valido para Base
2296,Pesimista,2026-12-18,67343.85,Ajuste valido para Pesimista
2297,Base,2026-08-12,258630.59,Ajuste valido para Base
2298,Optimista,2026-11-14,188585.03,Ajuste valido para Optimista
2299,Pesimista,2026-05-01,TextoInvalido,Error tipografico
2300,Pesimista,2026-01-25,290270.33,Ajuste valido para Pesimista
2301,Pesimista,2026-08-28,80195.09,Ajuste valido para Pesimista
2302,Optimista,2026-06-25,232204.19,Ajuste valido para Optimista
2303,Base,2026-09-03,389910.94,Ajuste valido para Base
2304,Base,2026-03-15,68837.95,Ajuste valido para Base
2305,Pesimista,2026-03-01,118772.99,Ajuste valido para Pesimista
2306,Base,2026-07-26,236168.62,Ajuste valido para Base
2307,Optimista,2026-05-11,490358.5,Ajuste valido para Optimista
2308,Optimista,2026-05-03,347580.44,Ajuste valido para Optimista
2309,Pesimista,2026-03-02,211436.33,Ajuste valido para Pesimista
2310,Base,2026-11-19,313642.25,Ajuste valido para Base
2311,Base,2026-09-18,371087.84,Ajuste valido para Base
2312,Base,2026-07-11,40996.46,Ajuste valido para Base
2313,Base,2026-11-21,499382.85,Ajuste valido para Base
2314,Optimista,2026-06-30,236135.66,Ajuste valido para Optimista
2315,Optimista,2026-09-01,141580.33,Ajuste valido para Optimista
2316,Optimista,2026-03-15,425287.14,Ajuste valido para Optimista
2317,Optimista,2026-11-17,113889.86,Ajuste valido para Optimista
2318,Base,2026-07-04,162970.39,Ajuste valido para Base
2319,Base,2026-03-04,135585.76,Ajuste valido para Base
2320,Pesimista,2026-02-17,439727.33,Ajuste valido para Pesimista
2321,Base,2026-03-15,487694.1,Ajuste valido para Base
2322,Optimista,2026-12-26,30103.78,Ajuste valido para Optimista
2323,Base,2026-08-22,319326.48,Ajuste valido para Base
2324,Optimista,2026-09-24,263206.0,Ajuste valido para Optimista
2325,Optimista,2026-04-17,46674.23,Ajuste valido para Optimista
2326,Optimista,2026-05-21,428118.05,Ajuste valido para Optimista
2327,Pesimista,2026-11-10,286668.21,Ajuste valido para Pesimista
2328,Base,2026-05-25,181736.45,Ajuste valido para Base
2329,Optimista,2026-12-24,348244.67,Ajuste valido para Optimista
2330,Base,2026-04-27,118099.3,Ajuste valido para Base
2331,Optimista,2026-11-06,75154.38,Ajuste valido para Optimista
2332,Pesimista,2026-11-13,328087.93,Ajuste valido para Pesimista
2333,Base,2026-08-08,255940.5,Ajuste valido para Base
2334,Optimista,2026-02-22,191842.08,Ajuste valido para Optimista
2335,Optimista,2026-12-29,232990.05,Ajuste valido para Optimista
2336,Base,2026-05-20,249105.48,Ajuste valido para Base
2337,Optimista,2026-12-18,81610.22,Ajuste valido para Optimista
2338,Optimista,2026-08-16,465657.52,Ajuste valido para Optimista
2339,Pesimista,2026-10-22,315486.99,Ajuste valido para Pesimista
2340,Optimista,2026-05-05,167667.08,Ajuste valido para Optimista
2341,Base,2026-04-13,249796.81,Ajuste valido para Base
2342,Base,2026-07-06,169126.08,Ajuste valido para Base
2343,Base,2026-12-22,305943.58,Ajuste valido para Base
2344,Pesimista,2026-06-12,163500.63,Ajuste valido para Pesimista
2345,Optimista,2026-08-20,45569.43,Ajuste valido para Optimista
2346,Optimista,2026-07-30,269944.46,Ajuste valido para Optimista
2347,Optimista,2026-12-29,331285.38,Ajuste valido para Optimista
2348,Pesimista,2026-06-21,255215.27,Ajuste valido para Pesimista
2349,Pesimista,2026-01-07,50583.31,Ajuste valido para Pesimista
2350,Optimista,2026-10-15,374399.29,Ajuste valido para Optimista
2351,Optimista,2026-03-04,488470.18,Ajuste valido para Optimista
2352,Base,2026-12-13,23810.65,Ajuste valido para Base
2353,Pesimista,2026-06-01,450503.76,Ajuste valido para Pesimista
2354,Base,2026-11-27,367922.87,Ajuste valido para Base
2355,Optimista,2026-01-12,146804.17,Ajuste valido para Optimista
2356,Base,2026-07-26,305637.17,Ajuste valido para Base
2357,Optimista,2026-01-16,21140.24,Ajuste valido para Optimista
2358,Pesimista,2026-08-19,331621.81,Ajuste valido para Pesimista
2359,Base,2026-09-22,161526.32,Ajuste valido para Base
2360,Optimista,2026-03-30,33578.53,Ajuste valido para Optimista
2361,Optimista,2026-09-28,180707.88,Ajuste valido para Optimista
2362,Base,2026-07-10,TextoInvalido,Error tipografico
2363,Optimista,2026-02-21,100757.54,Ajuste valido para Optimista
2364,Optimista,2026-12-23,490594.51,Ajuste valido para Optimista
2365,Optimista,2026-09-17,109237.39,Ajuste valido para Optimista
2366,Optimista,2026-12-09,330900.98,Ajuste valido para Optimista
2367,Optimista,2026-10-19,170802.1,Ajuste valido para Optimista
2368,Pesimista,2026-07-12,3791.48,Ajuste valido para Pesimista
2369,Pesimista,2026-09-29,329181.26,Ajuste valido para Pesimista
2370,Base,2026-07-25,350712.2,Ajuste valido para Base
2371,Pesimista,2026-05-03,183990.9,Ajuste valido para Pesimista
2372,Optimista,2026-06-28,339985.73,Ajuste valido para Optimista
2373,Base,2026-06-17,166504.45,Ajuste valido para Base
2374,Pesimista,2026-04-09,10823.24,Ajuste valido para Pesimista
2375,Pesimista,2026-04-28,250602.79,Ajuste valido para Pesimista
2376,Base,2026-12-24,215321.99,Ajuste valido para Base
2377,Optimista,2026-09-24,84453.96,Ajuste valido para Optimista
2378,Base,2026-09-25,271402.96,Ajuste valido para Base
2379,Pesimista,2026-12-26,111197.11,Ajuste valido para Pesimista
2380,Optimista,2026-01-29,304004.96,Ajuste valido para Optimista
2381,Pesimista,2026-12-14,26175.54,Ajuste valido para Pesimista
2382,Base,2026-05-11,109235.77,Ajuste valido para Base
2383,Optimista,2026-05-05,319731.95,Ajuste valido para Optimista
2384,Base,2026-05-14,34549.19,Ajuste valido para Base
2385,Base,2026-06-30,471685.94,Ajuste valido para Base
2386,Pesimista,2026-07-26,116006.78,Ajuste valido para Pesimista
2387,Base,2026-02-04,180015.06,Ajuste valido para Base
2388,Base,2026-09-25,327869.55,Ajuste valido para Base
2389,Pesimista,2026-08-16,346882.02,Ajuste valido para Pesimista
2390,Base,2026-10-04,400632.97,Ajuste valido para Base
2391,Pesimista,2026-03-18,228079.56,Ajuste valido para Pesimista
2392,Pesimista,2026-04-15,472797.61,Ajuste valido para Pesimista
2393,Pesimista,2026-12-09,343366.43,Ajuste valido para Pesimista
2394,Optimista,2026-02-21,273146.44,Ajuste valido para Optimista
2395,Base,2026-02-28,289006.93,Ajuste valido para Base
2396,Optimista,2026-01-29,303761.48,Ajuste valido para Optimista
2397,Pesimista,2026-11-08,308142.07,Ajuste valido para Pesimista
2398,Pesimista,2026-06-21,148151.29,Ajuste valido para Pesimista
2399,Base,2026-10-03,89123.64,Ajuste valido para Base
2400,Optimista,2026-03-26,113371.87,Ajuste valido para Optimista
2401,Pesimista,2026-06-09,215214.47,Ajuste valido para Pesimista
2402,Pesimista,2026-11-04,462674.18,Ajuste valido para Pesimista
2403,Pesimista,2026-04-23,100494.41,Ajuste valido para Pesimista
2404,Optimista,2026-04-23,66945.54,Ajuste valido para Optimista
2405,Optimista,2026-04-09,440351.64,Ajuste valido para Optimista
2406,Pesimista,2026-07-29,86790.94,Ajuste valido para Pesimista
2407,Optimista,2026-01-23,36469.28,Ajuste valido para Optimista
2408,Optimista,2026-05-04,466362.83,Ajuste valido para Optimista
2409,Optimista,2026-10-02,426884.19,Ajuste valido para Optimista
2410,Pesimista,2026-12-13,257889.58,Ajuste valido para Pesimista
2411,Optimista,2026-05-29,317845.67,Ajuste valido para Optimista
2412,Optimista,2026-09-26,266081.36,Ajuste valido para Optimista
2413,Pesimista,2026-01-28,279017.36,Ajuste valido para Pesimista
2414,Optimista,2026-12-21,296298.19,Ajuste valido para Optimista
2415,Optimista,2026-11-30,246603.4,Ajuste valido para Optimista
2416,Optimista,2026-02-07,370751.91,Ajuste valido para Optimista
2417,Optimista,2026-03-18,79603.65,Ajuste valido para Optimista
2418,Base,2026-12-31,213127.64,Ajuste valido para Base
2419,Pesimista,2026-06-30,380128.11,Ajuste valido para Pesimista
2420,Optimista,2026-12-22,426094.79,Ajuste valido para Optimista
2421,Optimista,2026-01-16,460886.47,Ajuste valido para Optimista
2422,Optimista,2026-06-04,220209.36,Ajuste valido para Optimista
2423,Base,2026-03-09,432918.44,Ajuste valido para Base
2424,Pesimista,2026-11-06,171426.2,Ajuste valido para Pesimista
2425,Pesimista,2026-10-24,162339.66,Ajuste valido para Pesimista
2426,Optimista,2026-02-01,2803.97,Ajuste valido para Optimista
2427,Base,2026-02-20,298578.75,Ajuste valido para Base
2428,Optimista,2026-04-29,257304.17,Ajuste valido para Optimista
2429,Base,2026-07-20,220270.61,Ajuste valido para Base
2430,Pesimista,2026-07-03,235692.57,Ajuste valido para Pesimista
2431,Pesimista,2026-03-27,149950.02,Ajuste valido para Pesimista
2432,Base,2026-02-26,417789.13,Ajuste valido para Base
2433,Optimista,2026-08-26,352334.02,Ajuste valido para Optimista
2434,Optimista,2026-06-08,42041.91,Ajuste valido para Optimista
2435,Base,2026-06-11,318370.81,Ajuste valido para Base
2436,Base,2026-04-05,68038.93,Ajuste valido para Base
2437,Pesimista,2026-09-23,325568.45,Ajuste valido para Pesimista
2438,Optimista,2026-05-05,355667.01,Ajuste valido para Optimista
2439,Pesimista,2026-10-25,225273.66,Ajuste valido para Pesimista
2440,Base,2026-01-29,19260.48,Ajuste valido para Base
2441,Pesimista,2026-01-07,57616.99,Ajuste valido para Pesimista
2442,Pesimista,2026-03-07,TextoInvalido,Error tipografico
2443,Pesimista,2026-01-14,221195.14,Ajuste valido para Pesimista
2444,Pesimista,2026-02-01,,Falta valor
2445,Base,2026-10-08,49297.89,Ajuste valido para Base
2446,Optimista,2026-12-12,64650.5,Ajuste valido para Optimista
2447,Optimista,2026-12-18,262610.87,Ajuste valido para Optimista
2448,Base,2026-06-04,303685.14,Ajuste valido para Base
2449,Optimista,2026-11-15,44512.2,Ajuste valido para Optimista
2450,Pesimista,2026-01-18,29691.1,Ajuste valido para Pesimista
2451,Pesimista,2026-03-24,75904.9,Ajuste valido para Pesimista
2452,Base,2026-02-02,357778.81,Ajuste valido para Base
2453,Pesimista,2026-02-10,140325.24,Ajuste valido para Pesimista
2454,Optimista,2026-03-21,126472.52,Ajuste valido para Optimista
2455,Optimista,2026-04-11,180389.23,Ajuste valido para Optimista
2456,Pesimista,2026-06-20,388665.44,Ajuste valido para Pesimista
2457,Pesimista,2026-06-25,309817.12,Ajuste valido para Pesimista
2458,Optimista,2026-12-24,21223.17,Ajuste valido para Optimista
2459,Pesimista,2026-01-04,463255.32,Ajuste valido para Pesimista
2460,Pesimista,2026-08-25,51787.36,Ajuste valido para Pesimista
2461,Base,2026-09-09,218020.72,Ajuste valido para Base
2462,Optimista,2026-06-21,4128.9,Ajuste valido para Optimista
2463,Optimista,2026-12-31,458258.7,Ajuste valido para Optimista
2464,Optimista,2026-07-12,5890.43,Ajuste valido para Optimista
2465,Pesimista,2026-06-07,359926.68,Ajuste valido para Pesimista
2466,Pesimista,2026-08-06,104196.19,Ajuste valido para Pesimista
2467,Pesimista,2026-06-25,60930.47,Ajuste valido para Pesimista
2468,Pesimista,2026-02-07,102660.79,Ajuste valido para Pesimista
2469,Pesimista,2026-11-01,479948.93,Ajuste valido para Pesimista
2470,Optimista,2026-02-01,155954.78,Ajuste valido para Optimista
2471,Base,2026-05-04,25717.21,Ajuste valido para Base
2472,Pesimista,2026-07-11,445990.46,Ajuste valido para Pesimista
2473,Optimista,2026-05-01,143157.13,Ajuste valido para Optimista
2474,Optimista,2026-01-28,326686.55,Ajuste valido para Optimista
2475,Base,2026-07-15,362492.29,Ajuste valido para Base
2476,Optimista,2026-02-15,499572.13,Ajuste valido para Optimista
2477,Optimista,2026-03-30,210303.07,Ajuste valido para Optimista
2478,Optimista,2026-09-27,250919.97,Ajuste valido para Optimista
2479,Optimista,2026-07-16,354318.49,Ajuste valido para Optimista
2480,Optimista,2026-07-30,315728.56,Ajuste valido para Optimista
2481,Base,2026-10-12,27827.5,Ajuste valido para Base
2482,Base,2026-09-11,455205.46,Ajuste valido para Base
2483,Pesimista,2026-12-25,258850.5,Ajuste valido para Pesimista
2484,Pesimista,2026-01-21,395202.45,Ajuste valido para Pesimista
2485,Optimista,2026-06-24,,Falta valor
2486,Pesimista,2026-09-12,248134.99,Ajuste valido para Pesimista
2487,Base,2026-03-06,340402.92,Ajuste valido para Base
2488,Pesimista,2026-01-02,400493.21,Ajuste valido para Pesimista
2489,Base,2026-08-03,74502.67,Ajuste valido para Base
2490,Optimista,2026-03-09,335511.88,Ajuste valido para Optimista
2491,Optimista,2026-12-20,462812.4,Ajuste valido para Optimista
2492,Base,2026-03-13,400739.94,Ajuste valido para Base
2493,Pesimista,2026-07-27,242540.84,Ajuste valido para Pesimista
2494,Pesimista,2026-04-27,152157.58,Ajuste valido para Pesimista
2495,Pesimista,2026-05-09,465632.07,Ajuste valido para Pesimista
2496,Base,2026-12-16,259735.95,Ajuste valido para Base
2497,Pesimista,2026-07-26,64777.12,Ajuste valido para Pesimista
2498,Pesimista,2026-05-29,436710.33,Ajuste valido para Pesimista
2499,Pesimista,2026-10-17,118987.0,Ajuste valido para Pesimista
2500,Pesimista,2026-08-30,289978.16,Ajuste valido para Pesimista
