ID_Poda,Lote,Fecha_Poda,Tipo_Poda,Costo,Horas_Hombre
1,LOTE-035,2026-10-08,Sanidad,330.16,66
2,LOTE-050,2026-02-15,Rejuvenecimiento,1785.9,47
3,LOTE-045,2026-04-03,Produccion,681.39,32
4,LOTE-040,2026-09-14,Formacion,1503.55,92
5,LOTE-031,2026-11-19,Formacion,259.52,75
6,LOTE-013,2026-10-06,Rejuvenecimiento,200.62,40
7,LOTE-036,2026-07-11,Produccion,887.21,82
8,LOTE-029,2026-09-24,Produccion,213.57,28
9,LOTE-030,2026-08-19,Rejuvenecimiento,1915.94,10
10,LOTE-014,2026-11-13,Produccion,1733.77,59
11,LOTE-045,2026-10-26,Rejuvenecimiento,1827.83,27
12,LOTE-030,2026-09-08,Sanidad,1873.86,26
13,LOTE-008,2026-04-09,Rejuvenecimiento,1746.79,29
14,LOTE-032,2026-05-02,Formacion,1703.03,23
15,LOTE-004,2026-11-08,Formacion,585.25,70
16,LOTE-035,2026-05-19,Formacion,91.4,36
17,LOTE-015,2026-11-16,Sanidad,1719.42,59
18,LOTE-039,2026-08-23,Produccion,1795.43,61
19,LOTE-042,2026-06-11,Formacion,150.62,48
20,LOTE-020,2026-08-26,Sanidad,692.3,104
21,LOTE-036,2026-02-20,Formacion,744.29,99
22,LOTE-038,2026-12-24,Formacion,1250.8,114
23,LOTE-030,2026-06-28,Rejuvenecimiento,98.93,75
24,LOTE-017,2026-06-04,Rejuvenecimiento,544.38,79
25,LOTE-022,2026-08-27,Rejuvenecimiento,615.26,106
26,LOTE-024,2026-03-13,Produccion,860.66,104
27,LOTE-021,2026-10-18,Sanidad,N/A,
28,LOTE-032,2026-06-20,Sanidad,880.2,44
29,LOTE-027,2026-04-22,Rejuvenecimiento,271.99,5
30,LOTE-035,2026-08-15,Formacion,451.57,104
31,LOTE-025,2026-09-12,Produccion,846.33,117
32,LOTE-011,2026-01-31,Produccion,-803.98,43
33,LOTE-031,2026-10-05,Sanidad,3886.01,-5
34,LOTE-030,2026-06-23,Sanidad,1814.63,92
35,LOTE-015,2026-04-17,Produccion,1625.98,50
36,LOTE-011,2026-08-03,Sanidad,545.34,103
37,LOTE-029,2026-10-25,Sanidad,1028.99,115
38,LOTE-001,2026-09-20,Produccion,784.51,33
39,LOTE-018,2026-04-21,Rejuvenecimiento,1347.91,30
40,LOTE-020,2026-04-25,Formacion,129.59,92
41,LOTE-032,2026-09-23,Sanidad,443.77,41
42,LOTE-009,2026-02-23,Sanidad,77.33,63
43,LOTE-017,2026-12-21,Rejuvenecimiento,783.47,6
44,LOTE-022,2026-09-22,Rejuvenecimiento,874.08,69
45,LOTE-028,2026-07-01,Sanidad,1845.57,81
46,LOTE-016,2026-02-12,Sanidad,692.6,38
47,LOTE-005,2026-01-13,Produccion,-530.85,7
48,LOTE-030,2026-07-24,Sanidad,630.84,85
49,LOTE-015,2026-04-25,Rejuvenecimiento,888.91,70
50,LOTE-003,2026-01-25,Produccion,1589.51,47
51,LOTE-005,2026-01-10,Sanidad,731.2,82
52,LOTE-049,2026-10-19,Produccion,464.47,73
53,LOTE-025,2026-09-19,Rejuvenecimiento,319.57,51
54,LOTE-005,2026-05-15,Formacion,860.59,112
55,LOTE-023,2026-09-17,Sanidad,1567.94,31
56,LOTE-034,2026-11-03,Formacion,533.5,80
57,LOTE-021,2026-05-31,Produccion,1575.09,20
58,LOTE-049,2026-03-06,Rejuvenecimiento,148.5,37
59,LOTE-013,2026-12-24,Produccion,534.14,70
60,LOTE-035,2026-10-06,Sanidad,121.46,45
61,LOTE-038,2026-11-05,Formacion,1405.79,87
62,LOTE-016,2026-08-24,Sanidad,893.71,31
63,LOTE-007,2026-11-08,Formacion,1937.28,26
64,LOTE-031,2026-08-13,Rejuvenecimiento,217.69,120
65,LOTE-027,2026-11-11,Produccion,821.5,56
66,LOTE-040,2026-12-21,Sanidad,162.65,50
67,LOTE-048,2026-02-02,Formacion,887.85,107
68,LOTE-034,2026-01-03,Produccion,1376.72,6
69,LOTE-031,2026-12-24,Sanidad,1259.28,88
70,LOTE-022,2026-03-17,Rejuvenecimiento,1099.56,30
71,LOTE-027,2026-12-09,Formacion,-457.6,78
72,LOTE-020,2026-02-16,Formacion,110.82,94
73,LOTE-011,2026-07-14,Sanidad,1590.67,110
74,LOTE-006,2026-03-31,Produccion,1376.22,40
75,LOTE-040,2026-01-25,Produccion,-156.19,69
76,LOTE-038,2026-11-20,Produccion,316.69,89
77,LOTE-029,2026-03-12,Rejuvenecimiento,-808.04,57
78,LOTE-035,2026-04-06,Formacion,1531.94,74
79,LOTE-001,2026-01-16,Formacion,1174.88,86
80,LOTE-048,2026-03-13,Produccion,1149.72,110
81,LOTE-038,2026-11-06,Produccion,606.82,117
82,LOTE-041,2026-02-12,Sanidad,1674.02,112
83,LOTE-036,2026-10-17,Sanidad,2214.3,-5
84,LOTE-045,2026-11-04,Sanidad,839.91,67
85,LOTE-012,2026-12-06,Sanidad,687.91,109
86,LOTE-048,2026-09-22,Produccion,-873.4,19
87,LOTE-014,2026-09-05,Produccion,978.0,57
88,LOTE-020,2026-02-27,Rejuvenecimiento,1752.65,81
89,LOTE-045,2026-08-28,Produccion,643.84,10
90,LOTE-045,2026-03-13,Produccion,246.67,96
91,LOTE-006,2026-08-22,Sanidad,990.57,113
92,LOTE-026,2026-04-23,Rejuvenecimiento,547.48,54
93,LOTE-011,2026-05-16,Rejuvenecimiento,965.39,57
94,LOTE-001,2026-10-09,Produccion,79.06,74
95,LOTE-033,2026-08-10,Sanidad,144.07,62
96,LOTE-049,2026-03-06,Rejuvenecimiento,1582.66,10
97,LOTE-039,2026-04-26,Rejuvenecimiento,446.12,68
98,LOTE-049,2026-06-02,Formacion,902.58,94
99,LOTE-011,2026-01-06,Produccion,137.33,53
100,LOTE-012,2026-04-16,Formacion,325.92,88
101,LOTE-006,2026-03-25,Sanidad,1225.94,55
102,LOTE-020,2026-09-29,Sanidad,825.51,10
103,LOTE-005,2026-10-07,Sanidad,1043.58,58
104,LOTE-038,2026-07-16,Formacion,1652.06,53
105,LOTE-047,2026-09-23,Produccion,1551.83,3
106,LOTE-045,2026-10-28,Rejuvenecimiento,793.27,3
107,LOTE-005,2026-08-27,Formacion,408.75,29
108,LOTE-015,2026-05-25,Formacion,1189.84,115
109,LOTE-027,2026-10-27,Rejuvenecimiento,1082.19,10
110,LOTE-027,2026-03-17,Formacion,970.98,33
111,LOTE-040,2026-08-17,Sanidad,1778.33,6
112,LOTE-039,2026-05-30,Formacion,1123.37,45
113,LOTE-028,2026-09-17,Formacion,1622.86,51
114,LOTE-016,2026-11-28,Produccion,4318.81,-5
115,LOTE-047,2026-11-17,Produccion,1880.75,34
116,LOTE-005,2026-03-18,Sanidad,76.18,120
117,LOTE-034,2026-09-12,Sanidad,788.97,66
118,LOTE-009,2026-02-09,Sanidad,1702.32,44
119,LOTE-024,2026-02-12,Rejuvenecimiento,926.12,66
120,LOTE-019,2026-06-20,Sanidad,1013.07,85
121,LOTE-020,2026-07-30,Rejuvenecimiento,203.83,4
122,LOTE-025,2026-11-30,Rejuvenecimiento,965.92,99
123,LOTE-028,2026-04-15,Produccion,1984.52,26
124,LOTE-043,2026-06-24,Formacion,1225.2,9
125,LOTE-026,2026-01-14,Produccion,1399.07,54
126,LOTE-031,2026-12-06,Rejuvenecimiento,475.12,113
127,LOTE-001,2026-09-13,Sanidad,1657.55,111
128,LOTE-029,2026-11-02,Sanidad,1623.74,75
129,LOTE-047,2026-12-31,Formacion,4610.84,-5
130,LOTE-015,2026-06-02,Sanidad,992.54,103
131,LOTE-011,2026-09-07,Produccion,322.75,61
132,LOTE-035,2026-09-27,Sanidad,-554.73,60
133,LOTE-012,2026-06-10,Formacion,1033.79,35
134,LOTE-011,2026-11-13,Produccion,1081.68,84
135,LOTE-029,2026-07-11,Rejuvenecimiento,1703.28,47
136,LOTE-039,2026-09-09,Formacion,543.82,35
137,LOTE-044,2026-10-16,Formacion,1403.56,94
138,LOTE-028,2026-11-05,Produccion,765.18,116
139,LOTE-016,2026-04-10,Formacion,711.22,74
140,LOTE-009,2026-12-04,Rejuvenecimiento,648.89,103
141,LOTE-008,2026-04-27,Formacion,528.31,30
142,LOTE-018,2026-06-29,Rejuvenecimiento,762.87,35
143,LOTE-043,2026-04-03,Produccion,385.12,31
144,LOTE-015,2026-11-10,Rejuvenecimiento,224.17,10
145,LOTE-047,2026-09-01,Formacion,1630.8,19
146,LOTE-040,2026-03-06,Rejuvenecimiento,1199.53,119
147,LOTE-019,2026-02-18,Produccion,326.02,31
148,LOTE-037,2026-06-29,Sanidad,1146.92,20
149,LOTE-048,2026-11-25,Rejuvenecimiento,558.91,99
150,LOTE-003,2026-04-22,Formacion,611.13,71
151,LOTE-044,2026-05-27,Sanidad,1444.25,86
152,LOTE-016,2026-03-15,Rejuvenecimiento,1649.27,112
153,LOTE-010,2026-04-26,Formacion,1906.66,4
154,LOTE-021,2026-05-22,Rejuvenecimiento,1299.12,115
155,LOTE-045,2026-08-23,Sanidad,1846.98,76
156,LOTE-030,2026-05-20,Formacion,250.28,119
157,LOTE-030,2026-01-04,Formacion,555.41,21
158,LOTE-042,2026-12-27,Rejuvenecimiento,532.41,78
159,LOTE-026,2026-10-27,Sanidad,1663.69,-5
160,LOTE-029,2026-12-08,Sanidad,1337.22,23
161,LOTE-027,2026-05-30,Produccion,1871.42,98
162,LOTE-041,2026-07-24,Rejuvenecimiento,-79.8,29
163,LOTE-017,2026-08-14,Rejuvenecimiento,1727.16,58
164,LOTE-035,2026-03-22,Formacion,639.16,74
165,LOTE-025,2026-02-14,Formacion,209.8,19
166,LOTE-041,2026-03-06,Formacion,741.52,29
167,LOTE-046,2026-11-13,Formacion,1657.4,95
168,LOTE-011,2026-11-23,Formacion,1468.21,89
169,LOTE-022,2026-12-21,Rejuvenecimiento,202.78,84
170,LOTE-021,2026-09-02,Produccion,775.37,101
171,LOTE-048,2026-02-09,Sanidad,1880.31,99
172,LOTE-034,2026-08-16,Formacion,1300.4,56
173,LOTE-023,2026-02-10,Sanidad,254.33,13
174,LOTE-045,2026-06-03,Produccion,1115.61,103
175,LOTE-025,2026-06-18,Produccion,1527.41,84
176,LOTE-028,2026-06-17,Produccion,1117.05,76
177,LOTE-029,2026-04-05,Rejuvenecimiento,1092.33,51
178,LOTE-002,2026-04-28,Rejuvenecimiento,209.63,59
179,LOTE-034,2026-09-08,Rejuvenecimiento,1043.96,49
180,LOTE-048,2026-08-23,Rejuvenecimiento,268.54,116
181,LOTE-034,2026-04-10,Sanidad,1203.75,94
182,LOTE-033,2026-12-25,Produccion,1477.79,101
183,LOTE-009,2026-10-12,Formacion,4414.48,-5
184,LOTE-029,2026-05-26,Produccion,432.34,-5
185,LOTE-009,2026-10-07,Produccion,1963.1,45
186,LOTE-040,2026-12-23,Sanidad,1913.9,100
187,LOTE-020,2026-02-17,Rejuvenecimiento,956.68,94
188,LOTE-045,2026-08-22,Produccion,1017.49,45
189,LOTE-036,2026-11-23,Sanidad,943.14,98
190,LOTE-037,2026-11-27,Sanidad,602.91,5
191,LOTE-014,2026-01-05,Sanidad,234.75,2
192,LOTE-048,2026-02-17,Rejuvenecimiento,1313.97,106
193,LOTE-011,2026-06-20,Formacion,1694.58,24
194,LOTE-031,2026-04-30,Sanidad,218.01,36
195,LOTE-041,2026-04-29,Sanidad,1190.53,7
196,LOTE-002,2026-11-18,Sanidad,77.79,97
197,LOTE-036,2026-12-12,Formacion,1461.08,75
198,LOTE-047,2026-06-03,Sanidad,231.98,112
199,LOTE-036,2026-09-27,Produccion,333.36,39
200,LOTE-003,2026-04-27,Formacion,1970.43,5
201,LOTE-020,2026-07-06,Formacion,401.69,118
202,LOTE-032,2026-06-08,Rejuvenecimiento,138.51,6
203,LOTE-027,2026-11-29,Rejuvenecimiento,636.51,78
204,LOTE-024,2026-04-12,Produccion,1019.4,58
205,LOTE-047,2026-08-03,Sanidad,547.69,80
206,LOTE-028,2026-03-31,Formacion,1420.59,17
207,LOTE-010,2026-03-02,Sanidad,531.78,21
208,LOTE-012,2026-03-07,Formacion,-884.91,31
209,LOTE-006,2026-03-18,Formacion,1873.79,16
210,LOTE-034,2026-11-29,Produccion,1579.78,40
211,LOTE-013,2026-01-26,Formacion,500.63,108
212,LOTE-003,2026-09-10,Rejuvenecimiento,1883.91,25
213,LOTE-040,2026-08-30,Formacion,332.83,103
214,LOTE-031,2026-09-01,Formacion,1516.49,70
215,LOTE-034,2026-05-28,Formacion,917.26,92
216,LOTE-033,2026-09-17,Sanidad,1534.91,82
217,LOTE-033,2026-03-02,Produccion,2070.35,-5
218,LOTE-040,2026-05-18,Rejuvenecimiento,340.17,80
219,LOTE-001,2026-12-20,Rejuvenecimiento,1106.89,43
220,LOTE-041,2026-01-03,Sanidad,439.2,13
221,LOTE-046,2026-08-09,Formacion,258.65,44
222,LOTE-041,2026-10-27,Rejuvenecimiento,1598.9,73
223,LOTE-042,2026-06-26,Produccion,1666.95,8
224,LOTE-022,2026-03-02,Formacion,1238.67,111
225,LOTE-035,2026-11-29,Formacion,611.22,102
226,LOTE-023,2026-07-21,Produccion,587.63,30
227,LOTE-027,2026-03-18,Rejuvenecimiento,246.09,19
228,LOTE-006,2026-08-13,Rejuvenecimiento,1806.07,41
229,LOTE-013,2026-04-22,Formacion,1786.71,79
230,LOTE-015,2026-01-10,Sanidad,525.62,88
231,LOTE-018,2026-05-30,Produccion,1236.83,113
232,LOTE-021,2026-02-07,Produccion,887.12,4
233,LOTE-046,2026-06-10,Formacion,913.01,99
234,LOTE-016,2026-07-26,Formacion,1664.31,108
235,LOTE-019,2026-08-13,Produccion,615.11,40
236,LOTE-036,2026-02-05,Rejuvenecimiento,609.01,36
237,LOTE-039,2026-01-01,Rejuvenecimiento,1313.69,29
238,LOTE-012,2026-12-21,Sanidad,447.51,49
239,LOTE-044,2026-08-30,Sanidad,1950.82,14
240,LOTE-025,2026-11-29,Sanidad,1817.91,98
241,LOTE-003,2026-06-20,Formacion,1062.47,24
242,LOTE-013,2026-05-26,Produccion,1055.39,119
243,LOTE-021,2026-11-28,Sanidad,-788.49,68
244,LOTE-030,2026-10-07,Formacion,647.51,61
245,LOTE-019,2026-04-02,Produccion,1534.26,109
246,LOTE-041,2026-04-28,Rejuvenecimiento,1562.7,86
247,LOTE-006,2026-10-12,Formacion,1918.7,54
248,LOTE-003,2026-02-01,Formacion,831.65,79
249,LOTE-005,2026-03-18,Formacion,1866.01,63
250,LOTE-029,2026-07-04,Rejuvenecimiento,N/A,
251,LOTE-049,2026-09-08,Formacion,207.28,106
252,LOTE-047,2026-02-09,Formacion,814.07,119
253,LOTE-033,2026-07-15,Sanidad,1579.39,96
254,LOTE-001,2026-04-07,Sanidad,718.63,1
255,LOTE-023,2026-05-06,Rejuvenecimiento,472.42,6
256,LOTE-035,2026-04-10,Formacion,1842.76,33
257,LOTE-010,2026-07-05,Sanidad,1910.5,3
258,LOTE-008,2026-10-19,Sanidad,735.76,102
259,LOTE-048,2026-10-25,Sanidad,406.76,78
260,LOTE-003,2026-10-11,Produccion,1399.89,55
261,LOTE-031,2026-03-15,Formacion,520.68,117
262,LOTE-032,2026-03-13,Produccion,539.22,82
263,LOTE-041,2026-07-02,Rejuvenecimiento,1867.55,53
264,LOTE-032,2026-07-28,Produccion,1884.68,74
265,LOTE-025,2026-03-28,Produccion,1907.06,120
266,LOTE-023,2026-12-14,Sanidad,1852.71,116
267,LOTE-041,2026-04-29,Produccion,608.3,20
268,LOTE-034,2026-03-19,Formacion,1877.04,34
269,LOTE-026,2026-09-19,Rejuvenecimiento,4590.03,-5
270,LOTE-011,2026-06-25,Produccion,1604.96,102
271,LOTE-017,2026-04-02,Rejuvenecimiento,1906.3,11
272,LOTE-024,2026-08-02,Formacion,190.91,25
273,LOTE-020,2026-07-14,Rejuvenecimiento,288.28,36
274,LOTE-004,2026-07-10,Produccion,1349.38,5
275,LOTE-030,2026-08-12,Formacion,1348.4,10
276,LOTE-033,2026-04-17,Rejuvenecimiento,1508.64,63
277,LOTE-039,2026-08-28,Formacion,1429.1,96
278,LOTE-045,2026-04-08,Rejuvenecimiento,1268.6,108
279,LOTE-037,2026-09-15,Sanidad,669.21,99
280,LOTE-042,2026-09-10,Formacion,1770.21,47
281,LOTE-023,2026-05-08,Rejuvenecimiento,534.08,111
282,LOTE-002,2026-06-22,Produccion,1800.51,22
283,LOTE-047,2026-08-05,Formacion,1046.98,89
284,LOTE-015,2026-10-16,Rejuvenecimiento,1693.33,115
285,LOTE-026,2026-08-25,Rejuvenecimiento,1298.4,67
286,LOTE-030,2026-11-10,Sanidad,1519.03,71
287,LOTE-029,2026-07-18,Formacion,1699.77,93
288,LOTE-018,2026-09-21,Formacion,1376.9,78
289,LOTE-035,2026-12-21,Formacion,1860.74,113
290,LOTE-039,2026-12-15,Produccion,1228.32,14
291,LOTE-046,2026-11-22,Rejuvenecimiento,400.48,1
292,LOTE-048,2026-11-13,Formacion,1941.95,30
293,LOTE-049,2026-04-17,Rejuvenecimiento,108.39,64
294,LOTE-005,2026-09-21,Sanidad,1513.67,20
295,LOTE-045,2026-08-24,Sanidad,3848.46,-5
296,LOTE-035,2026-01-03,Rejuvenecimiento,315.92,22
297,LOTE-013,2026-12-06,Produccion,1571.46,23
298,LOTE-017,2026-02-02,Formacion,393.62,94
299,LOTE-023,2026-09-28,Rejuvenecimiento,1173.9,13
300,LOTE-044,2026-01-10,Produccion,1693.75,97
301,LOTE-033,2026-08-01,Formacion,173.08,112
302,LOTE-034,2026-07-09,Produccion,1921.3,119
303,LOTE-006,2026-09-16,Produccion,-419.26,87
304,LOTE-011,2026-11-27,Formacion,1768.36,4
305,LOTE-045,2026-04-20,Sanidad,1579.43,34
306,LOTE-044,2026-11-10,Produccion,1384.2,26
307,LOTE-014,2026-01-16,Formacion,1283.05,17
308,LOTE-037,2026-09-17,Sanidad,683.6,32
309,LOTE-041,2026-05-17,Rejuvenecimiento,1057.73,120
310,LOTE-025,2026-03-15,Rejuvenecimiento,1495.94,85
311,LOTE-006,2026-07-06,Sanidad,-855.04,51
312,LOTE-047,2026-10-01,Rejuvenecimiento,1827.36,39
313,LOTE-038,2026-01-03,Sanidad,1354.5,97
314,LOTE-043,2026-03-17,Sanidad,404.63,69
315,LOTE-009,2026-09-23,Formacion,-186.57,21
316,LOTE-004,2026-12-28,Sanidad,954.11,44
317,LOTE-018,2026-03-26,Rejuvenecimiento,877.75,22
318,LOTE-010,2026-11-22,Produccion,1039.97,117
319,LOTE-015,2026-06-28,Formacion,172.41,16
320,LOTE-023,2026-05-02,Produccion,1040.51,46
321,LOTE-007,2026-01-28,Formacion,1688.08,79
322,LOTE-034,2026-01-19,Formacion,603.65,93
323,LOTE-001,2026-01-13,Formacion,1709.51,106
324,LOTE-030,2026-12-11,Produccion,1414.03,40
325,LOTE-020,2026-03-30,Sanidad,1828.7,1
326,LOTE-003,2026-09-24,Sanidad,238.9,89
327,LOTE-016,2026-03-26,Formacion,1983.95,55
328,LOTE-032,2026-06-17,Sanidad,1367.3,14
329,LOTE-027,2026-08-27,Rejuvenecimiento,1209.27,30
330,LOTE-049,2026-01-03,Sanidad,772.05,80
331,LOTE-008,2026-05-05,Produccion,1996.89,65
332,LOTE-049,2026-01-12,Formacion,977.87,54
333,LOTE-035,2026-01-16,Sanidad,1760.43,45
334,LOTE-015,2026-04-03,Sanidad,910.18,74
335,LOTE-006,2026-02-02,Produccion,N/A,
336,LOTE-005,2026-10-19,Sanidad,1295.51,97
337,LOTE-008,2026-12-31,Formacion,1401.54,89
338,LOTE-012,2026-04-24,Formacion,813.44,7
339,LOTE-006,2026-06-22,Formacion,1853.01,97
340,LOTE-002,2026-06-18,Rejuvenecimiento,820.56,58
341,LOTE-045,2026-01-04,Sanidad,815.23,18
342,LOTE-044,2026-12-05,Rejuvenecimiento,N/A,
343,LOTE-016,2026-12-26,Sanidad,1308.85,6
344,LOTE-021,2026-03-31,Formacion,1017.9,120
345,LOTE-016,2026-04-07,Sanidad,177.05,28
346,LOTE-012,2026-05-15,Rejuvenecimiento,584.65,97
347,LOTE-018,2026-09-01,Sanidad,1468.64,68
348,LOTE-032,2026-10-31,Sanidad,1156.57,23
349,LOTE-023,2026-07-21,Formacion,1472.24,108
350,LOTE-027,2026-09-10,Rejuvenecimiento,1374.98,73
351,LOTE-011,2026-08-11,Sanidad,759.0,107
352,LOTE-027,2026-03-17,Formacion,908.55,82
353,LOTE-026,2026-03-08,Produccion,1087.56,47
354,LOTE-026,2026-07-08,Formacion,57.92,43
355,LOTE-021,2026-11-01,Sanidad,464.54,97
356,LOTE-003,2026-05-30,Rejuvenecimiento,1435.98,53
357,LOTE-021,2026-06-21,Formacion,1954.38,72
358,LOTE-015,2026-01-30,Rejuvenecimiento,406.24,43
359,LOTE-002,2026-08-09,Sanidad,1684.12,42
360,LOTE-017,2026-06-24,Rejuvenecimiento,1561.07,63
361,LOTE-016,2026-08-12,Formacion,253.11,-5
362,LOTE-009,2026-03-18,Rejuvenecimiento,1009.06,35
363,LOTE-006,2026-09-15,Rejuvenecimiento,1585.94,31
364,LOTE-030,2026-11-07,Rejuvenecimiento,1116.72,105
365,LOTE-021,2026-11-12,Produccion,789.99,86
366,LOTE-036,2026-08-08,Rejuvenecimiento,1414.41,81
367,LOTE-029,2026-05-20,Rejuvenecimiento,840.94,20
368,LOTE-024,2026-04-12,Rejuvenecimiento,195.14,5
369,LOTE-020,2026-02-16,Produccion,1348.81,45
370,LOTE-031,2026-03-07,Sanidad,910.06,57
371,LOTE-048,2026-04-26,Formacion,1842.22,9
372,LOTE-022,2026-06-28,Formacion,592.81,24
373,LOTE-037,2026-12-21,Formacion,404.96,45
374,LOTE-035,2026-05-25,Produccion,455.33,11
375,LOTE-030,2026-11-05,Produccion,1752.5,59
376,LOTE-033,2026-08-26,Formacion,N/A,
377,LOTE-034,2026-06-22,Formacion,709.69,104
378,LOTE-004,2026-06-03,Formacion,1623.14,113
379,LOTE-042,2026-12-01,Formacion,434.24,19
380,LOTE-045,2026-06-14,Sanidad,1080.25,6
381,LOTE-045,2026-09-30,Rejuvenecimiento,1641.51,29
382,LOTE-022,2026-04-23,Produccion,369.02,63
383,LOTE-040,2026-06-05,Sanidad,1127.33,70
384,LOTE-016,2026-02-13,Produccion,1022.39,79
385,LOTE-009,2026-09-27,Sanidad,1816.88,96
386,LOTE-049,2026-03-31,Produccion,987.83,2
387,LOTE-040,2026-03-14,Sanidad,1078.36,81
388,LOTE-035,2026-07-18,Formacion,1318.67,114
389,LOTE-037,2026-06-11,Produccion,716.87,2
390,LOTE-011,2026-02-19,Produccion,1216.26,116
391,LOTE-003,2026-12-18,Rejuvenecimiento,895.67,73
392,LOTE-013,2026-02-13,Produccion,55.23,9
393,LOTE-036,2026-03-13,Produccion,150.55,112
394,LOTE-022,2026-11-14,Formacion,1020.65,104
395,LOTE-022,2026-05-04,Formacion,1658.48,103
396,LOTE-050,2026-09-07,Produccion,1706.06,51
397,LOTE-047,2026-08-06,Sanidad,1611.04,60
398,LOTE-006,2026-05-28,Sanidad,422.2,41
399,LOTE-005,2026-01-06,Rejuvenecimiento,608.02,10
400,LOTE-030,2026-12-01,Produccion,1279.0,93
401,LOTE-024,2026-05-20,Rejuvenecimiento,480.81,12
402,LOTE-037,2026-08-06,Sanidad,628.22,117
403,LOTE-032,2026-07-11,Produccion,1943.43,120
404,LOTE-021,2026-05-05,Rejuvenecimiento,1485.71,43
405,LOTE-018,2026-09-01,Produccion,432.94,60
406,LOTE-037,2026-02-20,Produccion,1434.49,72
407,LOTE-014,2026-06-17,Formacion,226.91,71
408,LOTE-041,2026-09-10,Produccion,1549.3,24
409,LOTE-045,2026-07-07,Formacion,1713.65,9
410,LOTE-008,2026-08-07,Sanidad,1118.49,103
411,LOTE-044,2026-08-13,Formacion,156.1,101
412,LOTE-038,2026-09-08,Rejuvenecimiento,1391.83,76
413,LOTE-028,2026-01-24,Rejuvenecimiento,925.4,78
414,LOTE-023,2026-03-04,Produccion,1445.35,118
415,LOTE-010,2026-07-27,Sanidad,1115.39,65
416,LOTE-047,2026-12-05,Produccion,957.56,99
417,LOTE-026,2026-10-10,Rejuvenecimiento,1874.49,27
418,LOTE-043,2026-03-12,Rejuvenecimiento,464.42,14
419,LOTE-042,2026-07-05,Formacion,192.54,29
420,LOTE-011,2026-05-15,Formacion,1152.47,112
421,LOTE-023,2026-11-22,Produccion,1184.72,120
422,LOTE-025,2026-07-07,Produccion,790.85,73
423,LOTE-032,2026-05-14,Rejuvenecimiento,558.09,102
424,LOTE-012,2026-10-03,Sanidad,1478.63,41
425,LOTE-011,2026-01-11,Sanidad,1077.89,88
426,LOTE-022,2026-12-02,Sanidad,1927.62,65
427,LOTE-003,2026-06-29,Produccion,1762.87,92
428,LOTE-027,2026-08-24,Formacion,1654.96,105
429,LOTE-002,2026-10-25,Sanidad,1361.86,21
430,LOTE-003,2026-01-30,Rejuvenecimiento,945.71,113
431,LOTE-013,2026-05-02,Formacion,1675.88,88
432,LOTE-005,2026-05-23,Produccion,1489.51,116
433,LOTE-041,2026-03-14,Rejuvenecimiento,1925.01,47
434,LOTE-027,2026-04-13,Sanidad,700.71,20
435,LOTE-039,2026-07-22,Rejuvenecimiento,N/A,
436,LOTE-042,2026-06-03,Formacion,409.13,37
437,LOTE-022,2026-01-28,Formacion,311.62,24
438,LOTE-047,2026-01-28,Sanidad,1273.83,42
439,LOTE-003,2026-10-18,Rejuvenecimiento,1411.33,90
440,LOTE-025,2026-08-22,Formacion,1735.98,58
441,LOTE-038,2027-01-01,Formacion,785.73,5
442,LOTE-037,2026-06-06,Produccion,1193.49,-5
443,LOTE-003,2026-01-13,Produccion,721.22,49
444,LOTE-038,2026-11-10,Formacion,52.21,58
445,LOTE-034,2026-03-26,Produccion,966.16,18
446,LOTE-011,2026-09-28,Sanidad,203.44,33
447,LOTE-006,2026-09-16,Sanidad,684.5,26
448,LOTE-027,2026-09-11,Formacion,1383.02,116
449,LOTE-011,2026-06-26,Formacion,559.49,14
450,LOTE-022,2026-03-08,Rejuvenecimiento,796.4,118
451,LOTE-031,2026-09-29,Sanidad,702.29,46
452,LOTE-011,2026-01-29,Rejuvenecimiento,1651.22,21
453,LOTE-017,2026-09-25,Formacion,N/A,
454,LOTE-049,2026-07-26,Produccion,1681.05,27
455,LOTE-006,2026-08-20,Produccion,1205.74,26
456,LOTE-032,2026-09-02,Rejuvenecimiento,259.2,120
457,LOTE-031,2026-08-08,Formacion,1404.62,65
458,LOTE-044,2026-10-24,Sanidad,1203.61,78
459,LOTE-022,2026-04-18,Sanidad,-487.8,82
460,LOTE-043,2026-11-06,Rejuvenecimiento,781.08,113
461,LOTE-050,2026-04-16,Produccion,252.54,55
462,LOTE-007,2026-02-05,Formacion,1599.56,17
463,LOTE-014,2026-04-02,Sanidad,1183.88,18
464,LOTE-047,2026-12-20,Formacion,746.23,55
465,LOTE-010,2026-05-13,Sanidad,462.66,12
466,LOTE-010,2026-11-02,Formacion,1606.17,109
467,LOTE-043,2026-11-05,Formacion,-334.8,16
468,LOTE-041,2026-06-15,Sanidad,1714.43,30
469,LOTE-004,2026-05-16,Rejuvenecimiento,3841.49,-5
470,LOTE-028,2026-11-09,Formacion,227.9,5
471,LOTE-042,2026-01-29,Sanidad,377.39,96
472,LOTE-003,2026-08-20,Rejuvenecimiento,88.65,120
473,LOTE-020,2026-12-03,Rejuvenecimiento,1875.04,32
474,LOTE-043,2026-10-01,Formacion,1578.49,16
475,LOTE-048,2026-08-12,Rejuvenecimiento,1440.2,47
476,LOTE-022,2026-11-14,Rejuvenecimiento,866.4,51
477,LOTE-049,2026-09-21,Rejuvenecimiento,746.05,26
478,LOTE-043,2026-04-19,Produccion,1007.49,97
479,LOTE-003,2026-08-01,Produccion,946.13,61
480,LOTE-021,2026-01-22,Produccion,1432.18,70
481,LOTE-046,2026-09-02,Rejuvenecimiento,1047.11,64
482,LOTE-043,2026-11-27,Formacion,1743.17,119
483,LOTE-020,2026-04-28,Produccion,904.66,86
484,LOTE-020,2026-07-30,Rejuvenecimiento,1521.75,63
485,LOTE-033,2026-09-02,Formacion,178.37,59
486,LOTE-026,2026-11-22,Produccion,1546.58,115
487,LOTE-026,2026-08-02,Formacion,1659.31,56
488,LOTE-003,2026-01-26,Sanidad,1694.04,75
489,LOTE-013,2026-08-09,Formacion,1043.19,12
490,LOTE-014,2026-08-21,Sanidad,1037.98,7
491,LOTE-007,2026-09-01,Produccion,2105.11,-5
492,LOTE-004,2026-06-15,Formacion,1756.51,53
493,LOTE-005,2026-04-05,Produccion,1083.91,90
494,LOTE-006,2026-05-24,Sanidad,1404.27,70
495,LOTE-033,2026-05-09,Produccion,586.39,95
496,LOTE-002,2026-08-31,Sanidad,553.32,19
497,LOTE-036,2026-12-09,Rejuvenecimiento,1001.56,107
498,LOTE-034,2026-03-08,Formacion,1427.18,118
499,LOTE-002,2026-02-23,Produccion,1953.19,87
500,LOTE-007,2026-01-02,Formacion,1397.92,34
501,LOTE-030,2026-09-18,Sanidad,954.77,69
502,LOTE-026,2026-08-30,Formacion,896.05,99
503,LOTE-005,2026-07-23,Rejuvenecimiento,504.94,67
504,LOTE-028,2026-01-09,Rejuvenecimiento,418.92,23
505,LOTE-009,2026-07-20,Formacion,516.67,111
506,LOTE-040,2026-12-31,Sanidad,377.57,85
507,LOTE-011,2026-07-07,Sanidad,587.28,63
508,LOTE-002,2026-08-12,Rejuvenecimiento,1382.2,76
509,LOTE-026,2026-10-16,Produccion,1390.16,89
510,LOTE-033,2026-12-28,Rejuvenecimiento,950.16,16
511,LOTE-030,2026-10-14,Formacion,1438.31,71
512,LOTE-042,2026-09-03,Rejuvenecimiento,1131.98,97
513,LOTE-033,2026-12-07,Formacion,1002.05,89
514,LOTE-008,2026-02-26,Formacion,1642.34,54
515,LOTE-006,2026-01-28,Rejuvenecimiento,1039.96,9
516,LOTE-050,2026-05-13,Formacion,1037.82,31
517,LOTE-044,2026-11-12,Sanidad,326.83,86
518,LOTE-046,2026-02-01,Sanidad,1693.17,67
519,LOTE-005,2026-11-19,Produccion,83.99,118
520,LOTE-029,2026-05-08,Sanidad,1211.16,48
521,LOTE-014,2026-05-29,Produccion,202.39,107
522,LOTE-035,2026-12-04,Sanidad,1530.27,18
523,LOTE-032,2026-08-21,Rejuvenecimiento,881.34,120
524,LOTE-050,2026-02-01,Rejuvenecimiento,1633.02,38
525,LOTE-046,2026-05-31,Produccion,913.9,82
526,LOTE-016,2026-08-07,Produccion,438.67,46
527,LOTE-049,2026-12-01,Sanidad,686.56,98
528,LOTE-029,2026-03-16,Produccion,1354.15,43
529,LOTE-032,2026-07-29,Rejuvenecimiento,1093.39,96
530,LOTE-010,2026-04-26,Sanidad,1702.46,102
531,LOTE-007,2026-01-26,Formacion,736.86,59
532,LOTE-005,2026-12-28,Produccion,867.28,6
533,LOTE-018,2026-05-17,Formacion,1012.79,117
534,LOTE-021,2026-06-11,Rejuvenecimiento,869.9,2
535,LOTE-032,2026-06-17,Formacion,1835.78,97
536,LOTE-015,2026-03-31,Formacion,1503.73,81
537,LOTE-049,2026-10-27,Rejuvenecimiento,773.29,84
538,LOTE-011,2026-03-11,Sanidad,1817.45,7
539,LOTE-009,2026-02-22,Sanidad,493.25,101
540,LOTE-017,2026-03-08,Sanidad,390.35,43
541,LOTE-039,2026-03-13,Rejuvenecimiento,1289.03,15
542,LOTE-044,2026-11-21,Formacion,1902.72,36
543,LOTE-009,2026-07-19,Produccion,1338.65,61
544,LOTE-045,2026-06-11,Formacion,389.79,58
545,LOTE-050,2026-06-18,Produccion,1704.73,108
546,LOTE-006,2026-03-18,Produccion,1987.04,107
547,LOTE-018,2026-12-03,Formacion,1193.86,32
548,LOTE-049,2026-08-26,Produccion,506.52,11
549,LOTE-027,2026-02-09,Produccion,773.55,8
550,LOTE-027,2026-08-25,Formacion,1184.03,20
551,LOTE-008,2026-06-22,Sanidad,1852.32,7
552,LOTE-028,2026-01-08,Rejuvenecimiento,1782.62,20
553,LOTE-033,2026-03-26,Formacion,1698.01,66
554,LOTE-040,2026-01-23,Produccion,1325.43,67
555,LOTE-030,2026-11-22,Sanidad,1243.42,36
556,LOTE-036,2026-03-25,Formacion,1634.44,6
557,LOTE-007,2026-09-08,Sanidad,1110.82,46
558,LOTE-032,2026-01-13,Rejuvenecimiento,1296.53,98
559,LOTE-017,2026-03-07,Rejuvenecimiento,1781.22,8
560,LOTE-041,2026-04-23,Rejuvenecimiento,502.62,50
561,LOTE-043,2026-12-12,Produccion,717.12,49
562,LOTE-008,2026-06-30,Sanidad,544.68,48
563,LOTE-023,2026-01-20,Rejuvenecimiento,1307.21,75
564,LOTE-022,2026-10-27,Formacion,684.65,21
565,LOTE-011,2026-01-26,Produccion,1935.76,6
566,LOTE-049,2026-01-31,Produccion,1061.91,6
567,LOTE-014,2026-11-11,Produccion,1718.08,68
568,LOTE-005,2026-11-13,Produccion,1490.12,120
569,LOTE-002,2026-03-19,Formacion,1572.21,112
570,LOTE-018,2026-08-12,Produccion,1003.33,36
571,LOTE-033,2026-12-08,Rejuvenecimiento,308.68,90
572,LOTE-043,2026-09-13,Produccion,1346.6,5
573,LOTE-049,2026-08-05,Rejuvenecimiento,1487.5,18
574,LOTE-005,2026-12-13,Formacion,251.21,26
575,LOTE-034,2026-05-18,Rejuvenecimiento,543.92,54
576,LOTE-046,2026-12-10,Rejuvenecimiento,674.99,57
577,LOTE-014,2026-11-11,Produccion,1223.09,7
578,LOTE-042,2026-06-02,Produccion,1817.88,41
579,LOTE-019,2026-12-20,Sanidad,2169.17,-5
580,LOTE-030,2026-11-18,Formacion,1017.54,41
581,LOTE-035,2026-03-28,Sanidad,1939.68,48
582,LOTE-003,2026-06-24,Produccion,676.33,4
583,LOTE-049,2026-06-14,Formacion,1684.9,34
584,LOTE-007,2026-09-06,Rejuvenecimiento,215.54,79
585,LOTE-038,2026-05-02,Produccion,1820.23,89
586,LOTE-042,2026-07-27,Rejuvenecimiento,1863.54,27
587,LOTE-050,2026-07-13,Rejuvenecimiento,N/A,
588,LOTE-036,2026-07-20,Rejuvenecimiento,386.47,92
589,LOTE-001,2026-10-26,Produccion,1525.8,7
590,LOTE-006,2026-04-24,Formacion,1966.89,4
591,LOTE-011,2026-01-12,Produccion,364.31,36
592,LOTE-031,2026-08-25,Rejuvenecimiento,1175.88,24
593,LOTE-033,2026-05-19,Rejuvenecimiento,593.93,54
594,LOTE-036,2026-12-16,Formacion,1344.4,57
595,LOTE-048,2026-11-23,Sanidad,1038.54,5
596,LOTE-006,2026-08-31,Formacion,1219.18,103
597,LOTE-047,2026-12-21,Formacion,353.69,109
598,LOTE-004,2026-06-14,Produccion,1706.58,92
599,LOTE-036,2026-09-09,Produccion,357.26,111
600,LOTE-042,2026-03-25,Rejuvenecimiento,100.15,97
601,LOTE-024,2026-09-17,Formacion,309.82,30
602,LOTE-048,2026-05-29,Formacion,843.22,86
603,LOTE-017,2026-07-07,Produccion,1700.63,89
604,LOTE-032,2026-11-20,Sanidad,403.22,41
605,LOTE-025,2026-07-13,Rejuvenecimiento,1268.42,40
606,LOTE-002,2026-08-29,Formacion,1488.98,12
607,LOTE-040,2026-01-10,Formacion,1365.39,52
608,LOTE-048,2026-12-26,Sanidad,742.8,90
609,LOTE-043,2026-12-28,Formacion,1310.81,107
610,LOTE-008,2026-10-30,Produccion,1336.88,56
611,LOTE-014,2026-07-28,Formacion,1038.5,28
612,LOTE-010,2026-12-21,Produccion,1027.79,61
613,LOTE-049,2026-08-28,Formacion,1060.14,90
614,LOTE-010,2026-01-11,Sanidad,768.93,118
615,LOTE-012,2026-03-01,Sanidad,1662.34,52
616,LOTE-044,2026-04-28,Rejuvenecimiento,1603.08,115
617,LOTE-015,2026-06-05,Formacion,1453.86,19
618,LOTE-009,2026-03-07,Sanidad,315.2,25
619,LOTE-047,2026-12-26,Sanidad,589.22,74
620,LOTE-035,2026-09-12,Produccion,1015.03,12
621,LOTE-030,2026-05-26,Formacion,1724.04,48
622,LOTE-001,2026-04-24,Sanidad,662.37,71
623,LOTE-034,2026-04-08,Rejuvenecimiento,1074.96,9
624,LOTE-004,2026-03-09,Formacion,761.67,120
625,LOTE-010,2026-06-18,Formacion,204.04,63
626,LOTE-004,2026-09-30,Formacion,1572.14,97
627,LOTE-013,2026-01-05,Produccion,-840.04,77
628,LOTE-029,2026-07-01,Rejuvenecimiento,1472.44,73
629,LOTE-025,2026-03-11,Formacion,1046.64,27
630,LOTE-007,2026-03-18,Sanidad,1094.92,22
631,LOTE-004,2026-03-13,Sanidad,660.09,10
632,LOTE-021,2026-10-25,Sanidad,1624.89,41
633,LOTE-008,2026-03-18,Produccion,-303.27,4
634,LOTE-029,2026-11-19,Sanidad,1052.56,73
635,LOTE-029,2026-12-27,Formacion,106.76,61
636,LOTE-003,2026-07-05,Formacion,196.79,82
637,LOTE-013,2026-11-19,Formacion,174.27,33
638,LOTE-001,2026-10-07,Rejuvenecimiento,1627.87,23
639,LOTE-022,2026-03-10,Formacion,585.65,27
640,LOTE-023,2026-01-09,Rejuvenecimiento,536.13,15
641,LOTE-005,2026-01-23,Rejuvenecimiento,1376.47,-5
642,LOTE-049,2026-07-20,Formacion,1404.38,101
643,LOTE-008,2026-03-05,Formacion,1941.89,104
644,LOTE-030,2026-11-05,Produccion,1137.54,32
645,LOTE-023,2026-10-04,Sanidad,1858.1,6
646,LOTE-027,2026-05-26,Formacion,1614.4,59
647,LOTE-002,2026-03-28,Rejuvenecimiento,114.43,12
648,LOTE-020,2026-10-08,Rejuvenecimiento,1831.1,42
649,LOTE-032,2026-10-08,Sanidad,N/A,
650,LOTE-007,2026-03-17,Produccion,750.01,105
651,LOTE-041,2026-02-14,Produccion,1695.0,46
652,LOTE-009,2026-11-21,Formacion,1409.85,54
653,LOTE-020,2026-07-18,Formacion,671.22,61
654,LOTE-034,2026-09-30,Formacion,1663.12,118
655,LOTE-004,2026-04-20,Sanidad,240.44,47
656,LOTE-040,2026-10-24,Formacion,1089.22,88
657,LOTE-038,2026-04-29,Rejuvenecimiento,1679.05,57
658,LOTE-039,2026-02-07,Rejuvenecimiento,1429.87,40
659,LOTE-046,2026-10-04,Sanidad,266.26,70
660,LOTE-049,2026-10-01,Formacion,728.2,26
661,LOTE-045,2026-01-02,Rejuvenecimiento,1925.48,25
662,LOTE-033,2026-11-07,Rejuvenecimiento,1305.8,74
663,LOTE-049,2026-06-28,Formacion,1902.8,37
664,LOTE-001,2026-10-09,Sanidad,732.88,75
665,LOTE-030,2026-05-25,Formacion,1417.46,16
666,LOTE-022,2026-04-29,Sanidad,1368.73,119
667,LOTE-014,2026-01-09,Rejuvenecimiento,714.2,42
668,LOTE-041,2026-09-12,Formacion,1630.62,86
669,LOTE-039,2026-05-28,Formacion,527.79,107
670,LOTE-010,2026-08-30,Rejuvenecimiento,1533.34,90
671,LOTE-007,2026-04-16,Formacion,1141.89,75
672,LOTE-041,2026-11-01,Produccion,812.22,56
673,LOTE-025,2026-01-23,Produccion,1089.99,75
674,LOTE-001,2026-07-04,Rejuvenecimiento,654.82,1
675,LOTE-028,2026-07-28,Produccion,1672.88,83
676,LOTE-023,2026-01-05,Rejuvenecimiento,1142.42,21
677,LOTE-033,2026-05-11,Formacion,435.94,49
678,LOTE-039,2026-10-03,Formacion,167.2,107
679,LOTE-036,2026-03-18,Rejuvenecimiento,488.82,34
680,LOTE-011,2026-09-05,Formacion,399.14,59
681,LOTE-025,2026-03-20,Rejuvenecimiento,283.29,62
682,LOTE-044,2026-06-11,Produccion,389.48,37
683,LOTE-012,2026-03-11,Produccion,441.03,78
684,LOTE-023,2026-11-22,Formacion,-431.25,72
685,LOTE-013,2026-07-26,Formacion,541.65,22
686,LOTE-022,2026-06-15,Rejuvenecimiento,839.57,65
687,LOTE-017,2026-06-11,Sanidad,1239.52,40
688,LOTE-037,2026-09-20,Rejuvenecimiento,420.09,111
689,LOTE-009,2026-11-07,Produccion,934.32,23
690,LOTE-048,2026-12-10,Sanidad,319.59,33
691,LOTE-044,2026-05-16,Produccion,1922.83,85
692,LOTE-032,2026-02-08,Rejuvenecimiento,3746.67,-5
693,LOTE-013,2026-02-12,Formacion,1624.45,73
694,LOTE-043,2026-10-14,Rejuvenecimiento,171.83,80
695,LOTE-046,2026-04-07,Rejuvenecimiento,401.7,62
696,LOTE-004,2026-09-16,Produccion,1207.0,113
697,LOTE-041,2026-11-05,Sanidad,N/A,
698,LOTE-043,2026-12-02,Formacion,1959.95,74
699,LOTE-029,2026-08-26,Produccion,312.52,111
700,LOTE-023,2026-09-21,Produccion,1700.37,49
701,LOTE-048,2026-12-14,Formacion,213.1,5
702,LOTE-038,2026-10-24,Rejuvenecimiento,1978.92,109
703,LOTE-015,2026-05-21,Produccion,661.71,28
704,LOTE-021,2026-07-09,Sanidad,1516.7,18
705,LOTE-004,2026-05-02,Sanidad,1556.34,5
706,LOTE-028,2026-05-06,Formacion,114.64,6
707,LOTE-007,2026-05-10,Formacion,1518.25,66
708,LOTE-015,2026-06-28,Formacion,1680.85,48
709,LOTE-042,2026-06-12,Formacion,865.91,53
710,LOTE-011,2026-04-21,Rejuvenecimiento,N/A,
711,LOTE-018,2026-11-12,Formacion,850.56,-5
712,LOTE-013,2026-02-27,Rejuvenecimiento,1426.48,38
713,LOTE-044,2026-09-23,Rejuvenecimiento,468.83,33
714,LOTE-040,2026-07-03,Produccion,812.33,57
715,LOTE-001,2026-07-17,Produccion,1007.86,19
716,LOTE-024,2026-04-13,Produccion,467.65,52
717,LOTE-036,2026-12-08,Produccion,945.83,17
718,LOTE-048,2026-11-15,Rejuvenecimiento,80.38,84
719,LOTE-030,2026-05-25,Produccion,317.17,80
720,LOTE-017,2026-10-30,Produccion,1204.87,21
721,LOTE-021,2026-06-06,Rejuvenecimiento,1956.55,13
722,LOTE-031,2026-06-28,Formacion,1328.13,51
723,LOTE-020,2026-03-31,Produccion,1096.98,13
724,LOTE-001,2026-06-20,Formacion,601.28,47
725,LOTE-045,2026-10-21,Produccion,593.89,106
726,LOTE-027,2026-07-09,Sanidad,943.89,114
727,LOTE-028,2026-01-19,Produccion,325.16,8
728,LOTE-015,2026-09-10,Produccion,1829.64,88
729,LOTE-014,2026-06-19,Formacion,1193.94,116
730,LOTE-002,2026-11-25,Formacion,584.76,101
731,LOTE-010,2026-02-16,Rejuvenecimiento,1330.87,9
732,LOTE-018,2026-11-16,Sanidad,1453.94,23
733,LOTE-050,2026-07-05,Formacion,841.08,73
734,LOTE-023,2026-07-25,Formacion,1099.79,88
735,LOTE-044,2026-01-24,Rejuvenecimiento,1563.66,86
736,LOTE-043,2026-04-05,Rejuvenecimiento,1735.96,52
737,LOTE-035,2026-10-04,Formacion,N/A,
738,LOTE-034,2026-02-20,Rejuvenecimiento,963.06,65
739,LOTE-022,2026-05-17,Rejuvenecimiento,1082.2,87
740,LOTE-027,2026-05-02,Formacion,1271.74,108
741,LOTE-023,2026-04-10,Rejuvenecimiento,1398.68,75
742,LOTE-022,2026-01-21,Formacion,718.95,106
743,LOTE-042,2026-05-08,Formacion,404.99,29
744,LOTE-038,2026-06-06,Sanidad,276.69,37
745,LOTE-020,2026-12-17,Formacion,1821.88,-5
746,LOTE-034,2026-11-03,Rejuvenecimiento,1141.04,32
747,LOTE-022,2026-02-26,Rejuvenecimiento,785.37,90
748,LOTE-013,2026-05-01,Produccion,1285.81,94
749,LOTE-005,2026-07-28,Produccion,615.42,107
750,LOTE-028,2026-06-19,Formacion,1207.21,58
751,LOTE-038,2026-07-25,Formacion,244.67,111
752,LOTE-009,2026-07-30,Sanidad,1639.19,41
753,LOTE-001,2026-03-25,Rejuvenecimiento,862.31,27
754,LOTE-022,2026-12-21,Formacion,N/A,
755,LOTE-039,2026-07-01,Sanidad,1402.13,28
756,LOTE-047,2026-04-03,Formacion,1954.12,51
757,LOTE-037,2026-11-07,Rejuvenecimiento,813.51,20
758,LOTE-032,2026-02-08,Sanidad,-897.01,43
759,LOTE-003,2026-06-15,Rejuvenecimiento,1393.17,41
760,LOTE-050,2026-08-05,Rejuvenecimiento,961.38,20
761,LOTE-035,2026-09-18,Sanidad,1097.45,99
762,LOTE-035,2026-06-15,Formacion,164.3,83
763,LOTE-020,2026-03-03,Formacion,109.08,23
764,LOTE-028,2026-03-15,Produccion,244.89,27
765,LOTE-043,2026-06-23,Formacion,350.18,111
766,LOTE-001,2026-04-16,Rejuvenecimiento,1664.57,71
767,LOTE-032,2026-07-16,Sanidad,264.17,48
768,LOTE-016,2026-03-22,Rejuvenecimiento,1252.04,36
769,LOTE-030,2026-11-27,Produccion,1494.74,120
770,LOTE-003,2026-05-27,Produccion,1226.14,2
771,LOTE-003,2026-09-16,Formacion,746.36,51
772,LOTE-019,2026-05-04,Formacion,243.09,78
773,LOTE-040,2026-07-03,Rejuvenecimiento,1836.58,38
774,LOTE-047,2026-10-24,Sanidad,68.81,70
775,LOTE-018,2026-05-23,Sanidad,1589.14,44
776,LOTE-021,2026-07-26,Sanidad,164.38,47
777,LOTE-025,2026-10-13,Rejuvenecimiento,271.38,117
778,LOTE-005,2026-06-25,Produccion,156.65,11
779,LOTE-025,2026-01-10,Formacion,454.3,106
780,LOTE-004,2026-05-14,Produccion,98.02,31
781,LOTE-013,2026-04-17,Sanidad,1844.21,29
782,LOTE-037,2026-01-14,Formacion,1225.11,107
783,LOTE-011,2026-07-02,Produccion,902.22,95
784,LOTE-047,2026-05-18,Sanidad,1902.27,112
785,LOTE-043,2026-11-11,Rejuvenecimiento,1192.19,63
786,LOTE-037,2026-08-23,Rejuvenecimiento,739.09,91
787,LOTE-021,2026-12-31,Sanidad,741.84,72
788,LOTE-015,2026-08-18,Rejuvenecimiento,1802.31,78
789,LOTE-033,2026-09-26,Sanidad,1738.74,26
790,LOTE-007,2026-04-20,Sanidad,1855.26,108
791,LOTE-048,2026-09-26,Rejuvenecimiento,1398.86,101
792,LOTE-022,2026-11-29,Produccion,1570.61,103
793,LOTE-002,2026-10-20,Produccion,1480.3,57
794,LOTE-023,2026-09-24,Rejuvenecimiento,732.25,49
795,LOTE-014,2026-12-17,Formacion,1023.28,60
796,LOTE-041,2026-07-17,Rejuvenecimiento,1334.47,113
797,LOTE-037,2026-10-17,Rejuvenecimiento,171.08,58
798,LOTE-009,2026-05-11,Formacion,159.98,60
799,LOTE-008,2026-04-05,Formacion,1880.84,79
800,LOTE-001,2026-12-10,Formacion,1675.29,93
801,LOTE-019,2026-10-11,Rejuvenecimiento,893.56,81
802,LOTE-011,2026-08-20,Formacion,1187.39,25
803,LOTE-028,2026-08-14,Sanidad,57.4,109
804,LOTE-039,2026-07-18,Sanidad,1966.05,65
805,LOTE-004,2026-08-07,Produccion,940.07,72
806,LOTE-035,2026-01-22,Rejuvenecimiento,952.19,2
807,LOTE-031,2026-07-22,Formacion,371.7,32
808,LOTE-035,2026-06-12,Produccion,1174.91,39
809,LOTE-006,2026-10-12,Rejuvenecimiento,1954.19,15
810,LOTE-001,2026-12-02,Rejuvenecimiento,302.11,83
811,LOTE-014,2026-03-05,Sanidad,1963.89,83
812,LOTE-042,2026-03-28,Sanidad,1226.46,82
813,LOTE-017,2026-12-25,Sanidad,1008.19,75
814,LOTE-020,2026-03-16,Rejuvenecimiento,1338.04,21
815,LOTE-037,2026-10-27,Sanidad,1301.55,25
816,LOTE-007,2026-10-25,Sanidad,1927.97,34
817,LOTE-020,2026-04-13,Produccion,794.55,120
818,LOTE-004,2026-05-31,Formacion,938.91,84
819,LOTE-006,2026-12-01,Rejuvenecimiento,1509.04,107
820,LOTE-047,2026-09-02,Formacion,N/A,
821,LOTE-026,2026-02-21,Sanidad,1971.22,55
822,LOTE-018,2026-06-02,Produccion,362.35,26
823,LOTE-041,2026-08-05,Rejuvenecimiento,1597.72,76
824,LOTE-025,2026-01-08,Formacion,1727.97,102
825,LOTE-043,2026-09-18,Produccion,1103.7,13
826,LOTE-011,2026-11-01,Sanidad,818.98,57
827,LOTE-028,2026-07-13,Rejuvenecimiento,264.06,24
828,LOTE-006,2026-03-28,Sanidad,1373.55,88
829,LOTE-033,2026-10-31,Rejuvenecimiento,1170.77,92
830,LOTE-003,2026-11-17,Sanidad,1722.34,36
831,LOTE-003,2026-03-03,Produccion,684.33,12
832,LOTE-038,2026-03-12,Rejuvenecimiento,703.53,4
833,LOTE-044,2026-03-15,Sanidad,1636.46,83
834,LOTE-025,2026-02-25,Sanidad,862.66,18
835,LOTE-016,2026-11-29,Formacion,N/A,
836,LOTE-024,2026-12-23,Sanidad,821.94,25
837,LOTE-033,2026-09-28,Formacion,1504.11,12
838,LOTE-041,2026-10-24,Formacion,105.26,59
839,LOTE-014,2026-07-31,Formacion,911.16,2
840,LOTE-022,2026-10-08,Rejuvenecimiento,1711.0,20
841,LOTE-030,2026-10-30,Produccion,1254.51,116
842,LOTE-013,2026-07-24,Produccion,1726.93,41
843,LOTE-011,2026-09-28,Sanidad,1208.79,38
844,LOTE-050,2026-07-24,Rejuvenecimiento,1979.14,103
845,LOTE-017,2026-04-04,Rejuvenecimiento,1598.13,15
846,LOTE-043,2026-12-23,Rejuvenecimiento,1481.6,59
847,LOTE-029,2026-01-03,Rejuvenecimiento,545.72,32
848,LOTE-032,2026-11-02,Rejuvenecimiento,961.47,54
849,LOTE-050,2026-10-03,Produccion,1964.13,7
850,LOTE-049,2026-03-17,Formacion,942.68,70
851,LOTE-043,2026-07-17,Rejuvenecimiento,147.46,64
852,LOTE-015,2026-03-02,Produccion,970.65,73
853,LOTE-046,2026-12-16,Produccion,1938.8,5
854,LOTE-005,2026-10-13,Sanidad,1268.51,85
855,LOTE-015,2026-10-05,Formacion,1596.26,120
856,LOTE-044,2026-09-06,Sanidad,393.52,45
857,LOTE-018,2026-12-31,Rejuvenecimiento,1660.61,82
858,LOTE-025,2026-09-11,Sanidad,1492.6,20
859,LOTE-040,2026-06-22,Rejuvenecimiento,4192.91,-5
860,LOTE-043,2026-12-29,Produccion,1473.89,1
861,LOTE-038,2026-03-11,Sanidad,663.88,90
862,LOTE-021,2026-02-23,Formacion,187.32,80
863,LOTE-048,2026-01-14,Sanidad,497.32,87
864,LOTE-037,2026-01-23,Formacion,1256.82,45
865,LOTE-008,2026-08-15,Produccion,1366.1,26
866,LOTE-027,2026-05-17,Produccion,1372.72,82
867,LOTE-039,2026-01-07,Rejuvenecimiento,529.41,40
868,LOTE-028,2026-07-13,Rejuvenecimiento,755.27,82
869,LOTE-044,2026-09-28,Formacion,1699.8,76
870,LOTE-034,2026-06-29,Produccion,933.82,52
871,LOTE-021,2026-01-11,Formacion,1462.0,115
872,LOTE-011,2026-06-29,Produccion,1576.49,65
873,LOTE-022,2026-05-11,Formacion,91.19,25
874,LOTE-007,2026-12-23,Formacion,641.17,30
875,LOTE-050,2026-10-20,Formacion,1218.22,109
876,LOTE-034,2026-09-14,Rejuvenecimiento,1875.66,44
877,LOTE-049,2026-07-22,Rejuvenecimiento,1050.64,49
878,LOTE-003,2026-02-19,Formacion,1657.44,116
879,LOTE-035,2026-11-24,Produccion,423.58,43
880,LOTE-009,2026-08-03,Formacion,1969.05,66
881,LOTE-016,2026-09-02,Sanidad,552.05,82
882,LOTE-048,2026-05-23,Formacion,400.17,24
883,LOTE-002,2026-11-28,Produccion,840.09,62
884,LOTE-019,2026-03-04,Sanidad,125.69,81
885,LOTE-041,2026-04-15,Formacion,1953.48,98
886,LOTE-009,2026-03-21,Rejuvenecimiento,1828.05,62
887,LOTE-048,2026-11-09,Sanidad,1393.71,57
888,LOTE-003,2026-12-26,Sanidad,542.39,67
889,LOTE-040,2026-11-04,Sanidad,915.9,46
890,LOTE-012,2026-05-13,Formacion,1936.77,47
891,LOTE-007,2026-12-02,Formacion,200.87,93
892,LOTE-044,2026-05-15,Formacion,84.96,95
893,LOTE-049,2026-04-21,Sanidad,1817.61,73
894,LOTE-039,2026-12-29,Produccion,1077.27,119
895,LOTE-036,2026-08-13,Produccion,1704.59,49
896,LOTE-035,2026-06-04,Rejuvenecimiento,1620.46,48
897,LOTE-050,2026-04-27,Produccion,187.0,66
898,LOTE-030,2026-10-18,Formacion,353.02,66
899,LOTE-035,2026-10-24,Sanidad,1397.02,99
900,LOTE-017,2026-03-01,Rejuvenecimiento,650.44,57
901,LOTE-029,2026-02-08,Produccion,1367.22,96
902,LOTE-027,2026-11-21,Produccion,1868.33,96
903,LOTE-049,2026-05-16,Formacion,1544.7,63
904,LOTE-038,2026-05-29,Formacion,1275.24,53
905,LOTE-050,2026-04-30,Formacion,1387.93,61
906,LOTE-019,2026-11-09,Formacion,690.66,78
907,LOTE-046,2026-03-31,Sanidad,476.43,27
908,LOTE-021,2026-09-15,Sanidad,710.27,45
909,LOTE-021,2026-10-01,Formacion,1711.48,95
910,LOTE-019,2026-08-21,Formacion,1047.55,41
911,LOTE-010,2026-06-07,Rejuvenecimiento,691.98,119
912,LOTE-011,2026-08-26,Formacion,610.55,19
913,LOTE-030,2026-04-19,Formacion,689.01,78
914,LOTE-003,2026-09-19,Rejuvenecimiento,578.64,97
915,LOTE-023,2026-08-18,Formacion,411.58,119
916,LOTE-009,2026-07-08,Produccion,1120.76,1
917,LOTE-021,2026-03-02,Rejuvenecimiento,1621.78,29
918,LOTE-029,2026-08-17,Produccion,1735.51,112
919,LOTE-008,2026-10-25,Rejuvenecimiento,487.36,30
920,LOTE-042,2026-02-05,Produccion,1785.52,89
921,LOTE-025,2026-08-24,Produccion,298.14,23
922,LOTE-007,2026-03-26,Rejuvenecimiento,1761.22,20
923,LOTE-022,2026-07-30,Sanidad,N/A,
924,LOTE-014,2026-01-02,Produccion,73.47,8
925,LOTE-009,2026-11-28,Produccion,761.21,91
926,LOTE-018,2026-10-27,Rejuvenecimiento,1873.08,44
927,LOTE-022,2026-10-27,Formacion,1875.3,61
928,LOTE-035,2026-01-18,Sanidad,1751.62,73
929,LOTE-034,2026-09-10,Formacion,1464.78,112
930,LOTE-031,2026-06-09,Rejuvenecimiento,1676.94,43
931,LOTE-028,2026-03-31,Produccion,1241.03,47
932,LOTE-039,2026-11-28,Sanidad,1529.34,109
933,LOTE-013,2026-03-04,Produccion,1003.33,64
934,LOTE-040,2026-05-11,Sanidad,331.08,89
935,LOTE-021,2026-08-13,Produccion,888.92,95
936,LOTE-013,2026-06-25,Rejuvenecimiento,268.65,24
937,LOTE-030,2026-01-13,Produccion,1655.38,17
938,LOTE-003,2026-04-25,Formacion,696.78,109
939,LOTE-049,2026-12-11,Produccion,1628.41,42
940,LOTE-035,2026-12-14,Sanidad,1846.42,99
941,LOTE-049,2026-11-02,Rejuvenecimiento,1006.46,75
942,LOTE-021,2026-11-06,Rejuvenecimiento,1886.83,65
943,LOTE-008,2026-02-18,Produccion,1954.46,26
944,LOTE-002,2026-09-25,Sanidad,969.35,55
945,LOTE-006,2026-06-19,Sanidad,439.5,50
946,LOTE-018,2026-06-15,Rejuvenecimiento,1169.27,101
947,LOTE-040,2026-02-03,Produccion,730.24,107
948,LOTE-023,2026-02-17,Formacion,314.27,112
949,LOTE-040,2026-09-06,Produccion,1566.49,100
950,LOTE-042,2026-05-11,Rejuvenecimiento,1383.04,119
951,LOTE-006,2026-01-24,Formacion,635.1,67
952,LOTE-029,2026-02-06,Formacion,1993.33,88
953,LOTE-017,2026-09-04,Formacion,612.62,100
954,LOTE-049,2026-12-18,Rejuvenecimiento,1551.03,8
955,LOTE-032,2026-09-11,Sanidad,650.69,9
956,LOTE-026,2026-05-07,Rejuvenecimiento,1253.16,50
957,LOTE-016,2026-02-07,Rejuvenecimiento,1147.68,32
958,LOTE-030,2026-03-12,Sanidad,718.16,118
959,LOTE-027,2026-10-22,Formacion,1200.45,14
960,LOTE-018,2026-01-17,Rejuvenecimiento,1917.16,12
961,LOTE-044,2026-02-02,Rejuvenecimiento,365.88,86
962,LOTE-003,2026-08-11,Sanidad,819.2,38
963,LOTE-004,2026-08-16,Sanidad,1371.08,71
964,LOTE-034,2026-12-31,Rejuvenecimiento,1834.49,19
965,LOTE-029,2026-12-27,Formacion,873.91,39
966,LOTE-021,2026-10-27,Produccion,168.46,14
967,LOTE-035,2026-08-04,Produccion,134.98,86
968,LOTE-030,2027-01-01,Formacion,1484.47,81
969,LOTE-006,2026-01-12,Formacion,97.52,30
970,LOTE-012,2026-09-19,Produccion,1860.09,50
971,LOTE-013,2026-08-11,Rejuvenecimiento,1119.0,98
972,LOTE-010,2026-02-08,Produccion,352.76,110
973,LOTE-010,2026-10-22,Rejuvenecimiento,1457.14,103
974,LOTE-037,2026-07-31,Produccion,1664.73,50
975,LOTE-006,2026-09-30,Rejuvenecimiento,419.09,37
976,LOTE-006,2026-01-30,Formacion,4998.4,-5
977,LOTE-047,2026-04-06,Sanidad,716.01,113
978,LOTE-019,2026-10-08,Sanidad,597.94,32
979,LOTE-001,2026-05-10,Formacion,1597.39,113
980,LOTE-015,2026-11-22,Sanidad,233.13,72
981,LOTE-016,2026-07-25,Formacion,647.34,53
982,LOTE-020,2026-07-18,Rejuvenecimiento,560.01,50
983,LOTE-012,2026-01-25,Produccion,1276.61,89
984,LOTE-038,2026-12-15,Rejuvenecimiento,1185.96,116
985,LOTE-008,2026-06-11,Produccion,422.56,13
986,LOTE-008,2026-10-14,Rejuvenecimiento,1750.81,109
987,LOTE-019,2026-12-21,Formacion,608.38,47
988,LOTE-047,2026-11-02,Rejuvenecimiento,1187.71,63
989,LOTE-012,2026-04-16,Formacion,407.2,24
990,LOTE-044,2026-09-24,Formacion,386.52,101
991,LOTE-038,2026-11-24,Formacion,75.46,112
992,LOTE-002,2026-07-12,Formacion,1851.36,62
993,LOTE-014,2026-02-04,Produccion,123.36,40
994,LOTE-023,2026-10-06,Sanidad,1966.51,55
995,LOTE-027,2026-04-03,Formacion,107.18,117
996,LOTE-027,2026-11-01,Sanidad,1770.5,34
997,LOTE-023,2026-07-03,Formacion,1617.98,27
998,LOTE-032,2026-11-27,Formacion,477.3,23
999,LOTE-034,2026-01-01,Sanidad,1633.98,45
1000,LOTE-037,2026-03-17,Rejuvenecimiento,1751.91,5
1001,LOTE-001,2026-11-29,Rejuvenecimiento,625.28,78
1002,LOTE-029,2026-11-28,Sanidad,954.53,77
1003,LOTE-009,2026-10-31,Sanidad,1658.22,50
1004,LOTE-014,2026-09-30,Rejuvenecimiento,1568.14,53
1005,LOTE-050,2026-09-07,Sanidad,150.07,28
1006,LOTE-027,2026-09-19,Sanidad,80.37,4
1007,LOTE-004,2026-06-27,Produccion,474.86,85
1008,LOTE-004,2026-10-25,Sanidad,298.02,89
1009,LOTE-019,2026-08-25,Rejuvenecimiento,1971.47,42
1010,LOTE-018,2026-01-26,Produccion,1838.7,63
1011,LOTE-015,2026-01-01,Rejuvenecimiento,1581.12,94
1012,LOTE-016,2026-12-28,Sanidad,1598.59,77
1013,LOTE-048,2026-10-10,Rejuvenecimiento,866.13,111
1014,LOTE-012,2026-07-21,Produccion,1185.63,62
1015,LOTE-019,2026-01-15,Produccion,1265.57,2
1016,LOTE-046,2026-09-12,Formacion,1791.77,26
1017,LOTE-032,2026-05-17,Produccion,457.44,79
1018,LOTE-029,2026-10-29,Produccion,1000.38,115
1019,LOTE-019,2026-11-15,Formacion,1614.22,61
1020,LOTE-044,2026-11-17,Produccion,1623.22,3
1021,LOTE-014,2026-06-04,Rejuvenecimiento,657.8,26
1022,LOTE-046,2026-06-14,Formacion,1754.79,32
1023,LOTE-042,2026-05-14,Formacion,1965.53,29
1024,LOTE-018,2026-11-14,Sanidad,1068.18,51
1025,LOTE-016,2026-10-09,Sanidad,1365.64,86
1026,LOTE-007,2026-09-18,Formacion,67.98,67
1027,LOTE-005,2026-12-01,Rejuvenecimiento,882.9,13
1028,LOTE-017,2026-11-06,Produccion,1820.37,70
1029,LOTE-047,2026-10-21,Rejuvenecimiento,870.64,36
1030,LOTE-047,2026-02-04,Produccion,518.45,110
1031,LOTE-002,2026-05-21,Sanidad,626.47,65
1032,LOTE-041,2026-11-29,Formacion,1940.43,70
1033,LOTE-015,2026-08-30,Formacion,1349.32,117
1034,LOTE-048,2026-03-09,Formacion,584.74,106
1035,LOTE-010,2026-09-28,Rejuvenecimiento,1066.77,79
1036,LOTE-025,2026-12-17,Produccion,906.31,30
1037,LOTE-019,2026-03-11,Sanidad,1645.37,33
1038,LOTE-017,2026-06-15,Rejuvenecimiento,1737.03,59
1039,LOTE-018,2026-05-06,Rejuvenecimiento,941.29,49
1040,LOTE-002,2026-07-18,Rejuvenecimiento,1521.66,86
1041,LOTE-042,2026-05-24,Formacion,1809.31,39
1042,LOTE-008,2026-03-22,Formacion,1818.83,115
1043,LOTE-023,2026-02-21,Sanidad,1980.41,52
1044,LOTE-011,2026-11-07,Rejuvenecimiento,699.21,71
1045,LOTE-021,2026-10-16,Produccion,1854.19,12
1046,LOTE-011,2026-02-11,Sanidad,1534.27,84
1047,LOTE-029,2026-03-20,Rejuvenecimiento,1012.16,117
1048,LOTE-008,2026-04-26,Formacion,1222.02,9
1049,LOTE-002,2026-11-05,Sanidad,1006.71,120
1050,LOTE-039,2026-07-12,Rejuvenecimiento,1761.81,40
1051,LOTE-001,2026-02-21,Formacion,-328.78,61
1052,LOTE-032,2026-03-31,Formacion,1083.88,57
1053,LOTE-030,2026-08-17,Produccion,1324.18,16
1054,LOTE-015,2026-08-23,Formacion,1132.23,5
1055,LOTE-028,2026-04-28,Rejuvenecimiento,795.48,46
1056,LOTE-045,2026-12-13,Produccion,632.97,80
1057,LOTE-029,2026-08-09,Sanidad,1660.56,46
1058,LOTE-035,2026-11-08,Rejuvenecimiento,1602.0,101
1059,LOTE-046,2026-03-18,Produccion,1163.62,105
1060,LOTE-007,2026-09-30,Produccion,935.35,42
1061,LOTE-016,2026-05-06,Produccion,1952.61,21
1062,LOTE-037,2026-03-02,Formacion,119.91,112
1063,LOTE-040,2026-01-28,Rejuvenecimiento,359.68,7
1064,LOTE-031,2026-01-15,Produccion,1960.83,-5
1065,LOTE-033,2026-10-23,Rejuvenecimiento,1046.25,49
1066,LOTE-023,2026-04-14,Formacion,1153.68,65
1067,LOTE-046,2026-02-24,Rejuvenecimiento,1082.78,109
1068,LOTE-043,2026-08-28,Formacion,376.11,53
1069,LOTE-035,2026-03-27,Produccion,1849.23,111
1070,LOTE-006,2026-04-04,Sanidad,1224.88,104
1071,LOTE-020,2026-12-10,Rejuvenecimiento,1871.63,58
1072,LOTE-013,2026-08-06,Produccion,1247.99,110
1073,LOTE-037,2026-07-27,Rejuvenecimiento,1967.24,1
1074,LOTE-041,2026-10-09,Formacion,353.05,14
1075,LOTE-025,2026-03-16,Produccion,N/A,
1076,LOTE-046,2026-09-05,Sanidad,733.63,110
1077,LOTE-042,2026-01-27,Formacion,544.17,92
1078,LOTE-049,2026-08-28,Produccion,1337.68,89
1079,LOTE-029,2026-02-23,Rejuvenecimiento,94.68,51
1080,LOTE-019,2026-08-10,Formacion,1298.87,80
1081,LOTE-036,2026-01-13,Produccion,1776.68,1
1082,LOTE-015,2026-03-01,Produccion,1186.25,12
1083,LOTE-036,2026-12-16,Formacion,914.85,20
1084,LOTE-039,2026-05-10,Sanidad,1214.61,29
1085,LOTE-038,2026-04-23,Produccion,186.28,19
1086,LOTE-009,2026-02-06,Produccion,835.45,107
1087,LOTE-028,2026-05-17,Rejuvenecimiento,131.83,50
1088,LOTE-046,2026-09-06,Formacion,93.08,45
1089,LOTE-002,2026-06-25,Produccion,1928.86,51
1090,LOTE-039,2026-06-20,Rejuvenecimiento,89.14,73
1091,LOTE-019,2026-05-01,Rejuvenecimiento,371.12,32
1092,LOTE-033,2026-01-03,Sanidad,1080.17,99
1093,LOTE-029,2026-06-11,Formacion,1346.38,80
1094,LOTE-022,2026-07-13,Sanidad,1758.04,59
1095,LOTE-008,2026-07-18,Produccion,1076.14,96
1096,LOTE-049,2026-01-18,Formacion,814.69,74
1097,LOTE-010,2026-01-22,Sanidad,1373.43,60
1098,LOTE-032,2026-11-22,Produccion,1795.25,9
1099,LOTE-019,2026-10-14,Formacion,1771.23,100
1100,LOTE-044,2026-10-01,Rejuvenecimiento,565.88,70
1101,LOTE-002,2026-09-24,Produccion,325.03,71
1102,LOTE-022,2026-04-05,Formacion,617.71,35
1103,LOTE-041,2026-05-10,Rejuvenecimiento,563.19,110
1104,LOTE-014,2026-11-29,Formacion,764.55,75
1105,LOTE-015,2026-07-14,Produccion,1016.69,77
1106,LOTE-020,2026-12-11,Rejuvenecimiento,1857.22,88
1107,LOTE-048,2026-03-27,Sanidad,176.79,20
1108,LOTE-002,2026-03-09,Sanidad,1504.38,61
1109,LOTE-037,2026-10-15,Formacion,1740.39,39
1110,LOTE-026,2026-10-07,Rejuvenecimiento,1816.64,23
1111,LOTE-020,2026-11-24,Sanidad,1497.96,81
1112,LOTE-040,2026-11-26,Sanidad,1876.59,37
1113,LOTE-041,2026-05-20,Sanidad,1219.81,92
1114,LOTE-017,2026-06-25,Formacion,1637.65,81
1115,LOTE-026,2026-01-14,Formacion,1857.72,14
1116,LOTE-031,2026-02-26,Produccion,250.03,83
1117,LOTE-005,2026-05-30,Sanidad,143.61,54
1118,LOTE-002,2026-02-26,Rejuvenecimiento,961.59,26
1119,LOTE-022,2026-03-29,Sanidad,832.61,35
1120,LOTE-045,2026-01-12,Rejuvenecimiento,1045.93,97
1121,LOTE-032,2026-08-07,Rejuvenecimiento,1772.97,97
1122,LOTE-042,2026-01-20,Produccion,1136.5,117
1123,LOTE-037,2026-08-30,Produccion,725.3,119
1124,LOTE-047,2026-02-18,Formacion,1209.63,28
1125,LOTE-010,2026-09-04,Formacion,1360.54,92
1126,LOTE-021,2026-05-18,Produccion,822.29,56
1127,LOTE-028,2027-01-01,Sanidad,1249.25,5
1128,LOTE-032,2026-10-03,Rejuvenecimiento,1618.96,66
1129,LOTE-018,2026-03-19,Rejuvenecimiento,1880.34,61
1130,LOTE-020,2026-05-08,Rejuvenecimiento,763.12,30
1131,LOTE-014,2026-07-29,Formacion,-79.3,66
1132,LOTE-030,2026-04-16,Produccion,1238.03,112
1133,LOTE-030,2026-11-27,Sanidad,791.76,107
1134,LOTE-002,2026-02-24,Produccion,1166.42,111
1135,LOTE-016,2026-09-07,Sanidad,1131.32,49
1136,LOTE-049,2026-04-06,Formacion,1121.5,78
1137,LOTE-010,2026-05-08,Rejuvenecimiento,55.99,89
1138,LOTE-019,2026-11-21,Rejuvenecimiento,N/A,
1139,LOTE-013,2026-03-08,Sanidad,1969.07,32
1140,LOTE-047,2026-08-26,Formacion,1893.99,118
1141,LOTE-034,2026-03-09,Produccion,582.99,108
1142,LOTE-047,2026-10-29,Rejuvenecimiento,959.88,64
1143,LOTE-035,2026-11-19,Produccion,1064.83,110
1144,LOTE-009,2026-04-29,Rejuvenecimiento,1985.66,5
1145,LOTE-047,2026-02-17,Formacion,284.53,111
1146,LOTE-022,2026-07-16,Rejuvenecimiento,317.65,19
1147,LOTE-047,2026-04-23,Sanidad,1544.5,82
1148,LOTE-016,2026-07-19,Rejuvenecimiento,1354.75,57
1149,LOTE-028,2026-05-05,Sanidad,801.42,84
1150,LOTE-002,2026-03-29,Rejuvenecimiento,910.79,110
1151,LOTE-003,2026-05-30,Rejuvenecimiento,1692.55,120
1152,LOTE-042,2026-07-02,Formacion,576.59,84
1153,LOTE-008,2026-04-24,Produccion,1953.55,94
1154,LOTE-015,2026-08-11,Sanidad,1061.59,2
1155,LOTE-007,2026-06-27,Formacion,573.21,23
1156,LOTE-004,2026-06-26,Produccion,1170.48,85
1157,LOTE-037,2026-03-29,Sanidad,1011.1,111
1158,LOTE-007,2026-03-23,Formacion,1802.95,40
1159,LOTE-038,2026-12-06,Formacion,1864.66,6
1160,LOTE-023,2026-05-13,Produccion,1320.81,44
1161,LOTE-049,2026-09-30,Rejuvenecimiento,1033.63,94
1162,LOTE-038,2026-06-16,Sanidad,487.15,6
1163,LOTE-031,2026-12-09,Rejuvenecimiento,231.71,49
1164,LOTE-050,2026-10-01,Rejuvenecimiento,1793.7,37
1165,LOTE-029,2026-05-20,Formacion,1656.92,72
1166,LOTE-048,2026-10-30,Sanidad,N/A,
1167,LOTE-021,2026-07-20,Formacion,1152.7,72
1168,LOTE-005,2026-07-17,Sanidad,1346.47,101
1169,LOTE-021,2026-07-31,Rejuvenecimiento,1618.63,1
1170,LOTE-028,2026-12-20,Produccion,1098.7,102
1171,LOTE-025,2026-01-07,Formacion,336.6,31
1172,LOTE-048,2026-11-26,Rejuvenecimiento,1990.61,35
1173,LOTE-039,2026-01-17,Rejuvenecimiento,1875.11,12
1174,LOTE-002,2026-04-28,Sanidad,1216.98,114
1175,LOTE-040,2026-08-16,Formacion,628.98,112
1176,LOTE-018,2026-08-23,Rejuvenecimiento,1822.96,41
1177,LOTE-009,2026-12-16,Sanidad,1377.86,34
1178,LOTE-044,2026-07-22,Sanidad,814.55,61
1179,LOTE-048,2026-08-10,Sanidad,1557.01,16
1180,LOTE-019,2026-04-25,Rejuvenecimiento,269.7,18
1181,LOTE-037,2026-10-03,Rejuvenecimiento,1554.61,42
1182,LOTE-001,2026-06-17,Produccion,1038.09,16
1183,LOTE-019,2026-05-15,Rejuvenecimiento,583.3,78
1184,LOTE-002,2026-07-01,Produccion,1914.28,32
1185,LOTE-050,2026-12-11,Rejuvenecimiento,1200.92,83
1186,LOTE-021,2026-11-03,Rejuvenecimiento,853.03,50
1187,LOTE-031,2026-08-06,Rejuvenecimiento,1835.33,106
1188,LOTE-045,2026-02-26,Sanidad,1802.54,67
1189,LOTE-001,2026-08-04,Rejuvenecimiento,1105.4,45
1190,LOTE-041,2026-01-10,Formacion,891.46,13
1191,LOTE-036,2026-04-28,Formacion,1594.3,42
1192,LOTE-025,2026-07-24,Sanidad,213.53,63
1193,LOTE-047,2026-07-29,Sanidad,910.3,118
1194,LOTE-022,2026-10-20,Sanidad,979.57,22
1195,LOTE-028,2026-08-02,Formacion,1987.36,92
1196,LOTE-028,2026-11-21,Produccion,816.84,107
1197,LOTE-008,2026-04-27,Sanidad,-84.96,51
1198,LOTE-048,2026-05-13,Sanidad,1438.79,35
1199,LOTE-021,2026-04-11,Formacion,147.03,56
1200,LOTE-011,2026-09-28,Sanidad,689.15,56
1201,LOTE-041,2026-02-18,Produccion,1416.19,3
1202,LOTE-027,2026-05-13,Rejuvenecimiento,221.09,118
1203,LOTE-036,2026-07-16,Produccion,770.7,30
1204,LOTE-013,2026-09-17,Sanidad,1279.0,35
1205,LOTE-049,2026-02-28,Sanidad,1201.81,52
1206,LOTE-024,2026-05-09,Rejuvenecimiento,626.66,54
1207,LOTE-040,2026-10-13,Rejuvenecimiento,471.31,49
1208,LOTE-008,2026-06-24,Rejuvenecimiento,773.34,6
1209,LOTE-038,2026-08-20,Produccion,-128.63,31
1210,LOTE-013,2026-12-09,Sanidad,141.9,12
1211,LOTE-004,2026-02-20,Sanidad,657.15,104
1212,LOTE-010,2026-11-17,Rejuvenecimiento,884.65,107
1213,LOTE-039,2026-01-27,Rejuvenecimiento,366.72,97
1214,LOTE-048,2026-04-30,Formacion,1006.17,75
1215,LOTE-002,2026-10-20,Produccion,276.15,11
1216,LOTE-009,2026-12-06,Produccion,1678.38,113
1217,LOTE-039,2026-11-12,Produccion,503.7,105
1218,LOTE-024,2026-11-14,Formacion,819.99,108
1219,LOTE-011,2026-07-02,Rejuvenecimiento,1248.44,4
1220,LOTE-003,2026-09-24,Formacion,701.42,76
1221,LOTE-036,2026-07-09,Sanidad,355.17,60
1222,LOTE-001,2026-11-02,Sanidad,998.7,68
1223,LOTE-047,2026-08-17,Formacion,1741.74,112
1224,LOTE-024,2026-08-19,Formacion,1351.96,48
1225,LOTE-036,2026-10-13,Sanidad,1739.49,60
1226,LOTE-026,2026-02-27,Formacion,1582.83,107
1227,LOTE-024,2026-12-11,Formacion,1607.63,11
1228,LOTE-035,2026-08-19,Sanidad,599.93,114
1229,LOTE-005,2026-07-15,Formacion,1983.27,22
1230,LOTE-044,2026-09-02,Formacion,1936.32,60
1231,LOTE-041,2026-07-21,Formacion,1369.51,69
1232,LOTE-031,2026-09-11,Sanidad,144.07,102
1233,LOTE-043,2026-11-24,Formacion,997.03,15
1234,LOTE-036,2026-12-17,Produccion,1717.18,102
1235,LOTE-004,2026-04-17,Sanidad,1154.8,85
1236,LOTE-017,2026-08-20,Rejuvenecimiento,427.69,57
1237,LOTE-023,2026-02-02,Sanidad,513.86,106
1238,LOTE-028,2026-01-28,Produccion,590.58,109
1239,LOTE-023,2026-12-12,Rejuvenecimiento,257.09,7
1240,LOTE-007,2026-01-16,Formacion,1890.16,79
1241,LOTE-014,2026-04-07,Produccion,512.17,28
1242,LOTE-050,2026-10-19,Formacion,1761.57,39
1243,LOTE-032,2026-09-29,Produccion,725.72,41
1244,LOTE-017,2026-06-21,Formacion,1021.3,60
1245,LOTE-038,2026-05-11,Sanidad,698.67,24
1246,LOTE-039,2026-06-09,Produccion,1691.77,20
1247,LOTE-010,2026-06-06,Produccion,793.48,8
1248,LOTE-008,2026-08-07,Rejuvenecimiento,1943.08,-5
1249,LOTE-006,2026-07-10,Formacion,1690.66,36
1250,LOTE-025,2026-06-07,Formacion,1297.07,48
1251,LOTE-050,2026-09-23,Rejuvenecimiento,823.42,52
1252,LOTE-021,2026-06-13,Sanidad,1409.74,5
1253,LOTE-019,2026-10-29,Formacion,458.69,101
1254,LOTE-003,2026-11-26,Rejuvenecimiento,973.14,37
1255,LOTE-010,2026-12-21,Rejuvenecimiento,-49.53,83
1256,LOTE-008,2026-08-23,Sanidad,1646.82,37
1257,LOTE-018,2026-07-23,Produccion,1041.91,33
1258,LOTE-039,2026-07-14,Formacion,501.37,25
1259,LOTE-037,2026-01-07,Sanidad,525.04,1
1260,LOTE-005,2026-08-14,Produccion,108.96,40
1261,LOTE-003,2026-02-13,Rejuvenecimiento,1051.52,26
1262,LOTE-043,2026-09-14,Produccion,4744.55,-5
1263,LOTE-047,2026-05-29,Formacion,766.05,102
1264,LOTE-023,2026-08-18,Produccion,767.99,50
1265,LOTE-027,2026-08-03,Rejuvenecimiento,1479.89,77
1266,LOTE-003,2026-04-25,Rejuvenecimiento,1835.08,24
1267,LOTE-004,2026-09-22,Produccion,745.37,94
1268,LOTE-033,2026-07-16,Rejuvenecimiento,954.72,22
1269,LOTE-025,2026-09-01,Rejuvenecimiento,1009.05,82
1270,LOTE-004,2026-08-14,Produccion,238.08,12
1271,LOTE-032,2026-04-22,Sanidad,1378.56,66
1272,LOTE-032,2026-03-29,Rejuvenecimiento,1817.83,81
1273,LOTE-029,2026-02-20,Produccion,850.63,119
1274,LOTE-040,2026-02-23,Produccion,174.24,109
1275,LOTE-030,2026-09-28,Formacion,796.89,14
1276,LOTE-039,2026-03-26,Sanidad,1169.63,57
1277,LOTE-016,2026-06-20,Formacion,1851.55,85
1278,LOTE-037,2026-01-26,Produccion,205.82,79
1279,LOTE-010,2026-12-17,Rejuvenecimiento,1356.2,75
1280,LOTE-036,2026-08-04,Produccion,1934.88,67
1281,LOTE-030,2026-04-29,Sanidad,641.83,27
1282,LOTE-015,2026-08-04,Formacion,1430.61,26
1283,LOTE-050,2026-07-20,Sanidad,1532.95,19
1284,LOTE-049,2026-05-03,Formacion,311.54,87
1285,LOTE-034,2026-05-03,Rejuvenecimiento,638.21,24
1286,LOTE-035,2026-03-02,Produccion,1888.22,102
1287,LOTE-026,2026-01-07,Sanidad,1645.69,48
1288,LOTE-032,2026-02-27,Produccion,132.38,107
1289,LOTE-034,2026-03-18,Produccion,1759.08,75
1290,LOTE-043,2026-09-18,Rejuvenecimiento,1674.94,37
1291,LOTE-010,2026-02-19,Sanidad,65.12,112
1292,LOTE-046,2026-02-17,Produccion,947.93,36
1293,LOTE-041,2026-01-02,Formacion,531.49,98
1294,LOTE-021,2026-03-30,Rejuvenecimiento,1846.86,104
1295,LOTE-004,2026-07-01,Formacion,N/A,
1296,LOTE-049,2026-01-23,Sanidad,98.28,79
1297,LOTE-019,2026-01-16,Formacion,223.97,87
1298,LOTE-031,2026-11-08,Formacion,329.12,46
1299,LOTE-033,2026-01-13,Produccion,1239.87,104
1300,LOTE-036,2026-05-07,Sanidad,1039.56,-5
1301,LOTE-023,2026-12-09,Produccion,1745.4,9
1302,LOTE-013,2026-12-21,Rejuvenecimiento,183.6,22
1303,LOTE-045,2026-08-30,Formacion,1493.11,48
1304,LOTE-042,2026-07-17,Rejuvenecimiento,297.85,9
1305,LOTE-010,2026-01-25,Sanidad,1578.8,92
1306,LOTE-037,2026-07-16,Formacion,1315.14,26
1307,LOTE-017,2026-12-27,Sanidad,1403.53,53
1308,LOTE-045,2026-12-22,Formacion,203.06,80
1309,LOTE-029,2026-01-12,Produccion,1368.87,87
1310,LOTE-030,2026-12-29,Produccion,338.08,113
1311,LOTE-007,2026-08-16,Produccion,236.0,14
1312,LOTE-014,2026-01-08,Formacion,132.43,23
1313,LOTE-017,2026-09-05,Rejuvenecimiento,513.98,18
1314,LOTE-027,2026-06-16,Rejuvenecimiento,1272.56,33
1315,LOTE-027,2026-04-07,Formacion,1552.76,57
1316,LOTE-005,2026-05-22,Rejuvenecimiento,199.19,17
1317,LOTE-018,2026-09-20,Sanidad,485.98,14
1318,LOTE-047,2026-11-17,Sanidad,1104.3,5
1319,LOTE-002,2026-09-11,Sanidad,284.23,82
1320,LOTE-023,2026-01-08,Formacion,348.69,45
1321,LOTE-044,2026-08-17,Sanidad,-603.15,55
1322,LOTE-027,2026-08-18,Rejuvenecimiento,1268.43,68
1323,LOTE-042,2026-09-18,Sanidad,1578.83,108
1324,LOTE-034,2026-02-14,Formacion,631.44,-5
1325,LOTE-038,2026-09-16,Formacion,1267.17,44
1326,LOTE-035,2026-10-07,Formacion,1126.85,81
1327,LOTE-009,2026-02-13,Formacion,429.33,22
1328,LOTE-045,2026-04-02,Rejuvenecimiento,1182.89,108
1329,LOTE-049,2026-11-05,Produccion,1381.79,49
1330,LOTE-013,2026-04-21,Rejuvenecimiento,363.14,60
1331,LOTE-018,2026-09-10,Formacion,1488.69,110
1332,LOTE-005,2026-08-06,Sanidad,1022.61,19
1333,LOTE-005,2026-03-30,Formacion,540.09,60
1334,LOTE-001,2026-10-25,Produccion,1100.72,110
1335,LOTE-023,2026-10-08,Formacion,999.77,95
1336,LOTE-044,2026-03-28,Formacion,519.36,59
1337,LOTE-033,2026-05-12,Produccion,727.26,58
1338,LOTE-020,2026-09-07,Rejuvenecimiento,1082.16,76
1339,LOTE-044,2026-04-17,Formacion,1007.1,116
1340,LOTE-043,2026-10-17,Rejuvenecimiento,1303.16,11
1341,LOTE-034,2026-12-08,Rejuvenecimiento,967.56,13
1342,LOTE-011,2026-06-01,Formacion,1294.86,19
1343,LOTE-021,2026-11-08,Produccion,1990.36,106
1344,LOTE-033,2026-12-06,Produccion,239.02,59
1345,LOTE-032,2026-04-13,Produccion,915.11,20
1346,LOTE-018,2026-03-26,Sanidad,1628.04,71
1347,LOTE-004,2026-12-28,Sanidad,377.02,4
1348,LOTE-025,2026-10-07,Formacion,836.03,46
1349,LOTE-050,2026-11-05,Produccion,412.34,9
1350,LOTE-012,2026-03-23,Formacion,473.52,1
1351,LOTE-011,2026-02-17,Sanidad,1698.63,82
1352,LOTE-024,2026-07-04,Sanidad,1682.81,74
1353,LOTE-027,2026-04-22,Rejuvenecimiento,269.07,117
1354,LOTE-023,2026-06-06,Produccion,1171.28,41
1355,LOTE-036,2026-05-10,Produccion,579.48,63
1356,LOTE-024,2026-08-20,Formacion,1637.09,19
1357,LOTE-034,2026-03-21,Produccion,1542.21,22
1358,LOTE-009,2026-12-22,Produccion,1622.79,31
1359,LOTE-021,2026-06-25,Rejuvenecimiento,231.87,45
1360,LOTE-020,2026-03-07,Rejuvenecimiento,1738.24,15
1361,LOTE-015,2026-07-23,Formacion,536.78,63
1362,LOTE-026,2026-01-28,Rejuvenecimiento,1550.09,38
1363,LOTE-031,2026-06-29,Sanidad,1632.49,111
1364,LOTE-030,2026-04-06,Formacion,1957.87,55
1365,LOTE-004,2026-03-21,Rejuvenecimiento,1309.86,18
1366,LOTE-028,2026-02-26,Produccion,1349.09,9
1367,LOTE-014,2026-12-11,Formacion,1166.78,33
1368,LOTE-045,2026-08-16,Rejuvenecimiento,1022.81,54
1369,LOTE-002,2026-04-16,Sanidad,871.27,64
1370,LOTE-002,2026-03-14,Sanidad,1235.99,103
1371,LOTE-048,2026-12-27,Rejuvenecimiento,912.69,50
1372,LOTE-009,2026-08-17,Formacion,992.9,59
1373,LOTE-022,2026-09-18,Produccion,1042.51,56
1374,LOTE-031,2026-04-07,Produccion,1968.89,56
1375,LOTE-043,2026-06-21,Rejuvenecimiento,1235.73,110
1376,LOTE-032,2026-06-11,Rejuvenecimiento,1399.64,112
1377,LOTE-033,2026-01-09,Sanidad,372.18,89
1378,LOTE-008,2026-01-14,Formacion,1613.04,106
1379,LOTE-043,2026-07-22,Produccion,688.71,96
1380,LOTE-030,2026-06-04,Formacion,-423.18,93
1381,LOTE-024,2026-12-22,Sanidad,1116.44,24
1382,LOTE-006,2026-10-06,Sanidad,1642.05,15
1383,LOTE-014,2026-04-28,Produccion,520.6,3
1384,LOTE-016,2026-07-31,Rejuvenecimiento,1764.33,99
1385,LOTE-040,2026-11-22,Produccion,1907.64,29
1386,LOTE-042,2026-09-29,Sanidad,707.34,63
1387,LOTE-031,2026-12-02,Produccion,1231.36,12
1388,LOTE-004,2026-06-20,Formacion,52.3,25
1389,LOTE-029,2026-12-25,Formacion,371.18,45
1390,LOTE-047,2026-05-31,Rejuvenecimiento,1474.75,35
1391,LOTE-029,2026-04-24,Sanidad,809.45,92
1392,LOTE-022,2026-07-04,Sanidad,1336.7,-5
1393,LOTE-006,2026-08-28,Produccion,1886.65,56
1394,LOTE-049,2026-01-20,Sanidad,380.75,41
1395,LOTE-017,2026-04-27,Formacion,1636.87,86
1396,LOTE-012,2026-01-19,Formacion,658.9,62
1397,LOTE-023,2026-07-28,Formacion,979.56,97
1398,LOTE-048,2026-07-12,Rejuvenecimiento,729.9,106
1399,LOTE-013,2026-10-16,Produccion,232.88,103
1400,LOTE-040,2026-01-08,Rejuvenecimiento,1482.55,28
1401,LOTE-044,2026-04-05,Produccion,77.7,13
1402,LOTE-004,2026-08-18,Rejuvenecimiento,1300.97,91
1403,LOTE-037,2026-08-04,Produccion,1193.3,39
1404,LOTE-007,2026-01-22,Sanidad,1148.78,41
1405,LOTE-004,2026-04-16,Sanidad,1075.19,54
1406,LOTE-048,2026-08-30,Rejuvenecimiento,-896.8,10
1407,LOTE-050,2026-01-06,Formacion,1946.24,63
1408,LOTE-030,2026-03-09,Sanidad,111.01,5
1409,LOTE-005,2026-02-06,Formacion,1519.85,75
1410,LOTE-016,2026-08-18,Sanidad,1354.64,64
1411,LOTE-038,2026-01-26,Sanidad,434.09,44
1412,LOTE-039,2026-03-21,Formacion,1000.04,86
1413,LOTE-012,2026-09-21,Sanidad,481.11,22
1414,LOTE-032,2026-10-12,Rejuvenecimiento,369.1,23
1415,LOTE-030,2026-03-15,Formacion,794.09,66
1416,LOTE-007,2026-07-27,Sanidad,1952.64,59
1417,LOTE-041,2026-12-24,Formacion,193.58,43
1418,LOTE-043,2026-10-01,Formacion,151.59,51
1419,LOTE-035,2026-04-19,Produccion,-71.56,48
1420,LOTE-004,2026-02-17,Produccion,1911.5,31
1421,LOTE-021,2026-05-23,Formacion,321.35,13
1422,LOTE-016,2026-08-09,Rejuvenecimiento,1217.53,41
1423,LOTE-029,2026-04-28,Rejuvenecimiento,498.98,102
1424,LOTE-024,2026-11-18,Rejuvenecimiento,828.49,101
1425,LOTE-001,2026-12-27,Rejuvenecimiento,3994.92,-5
1426,LOTE-012,2026-11-21,Produccion,1256.83,13
1427,LOTE-045,2026-07-04,Rejuvenecimiento,1473.27,119
1428,LOTE-022,2026-03-26,Rejuvenecimiento,722.71,37
1429,LOTE-034,2026-06-17,Produccion,1286.92,4
1430,LOTE-011,2026-03-04,Formacion,201.33,51
1431,LOTE-003,2026-05-07,Produccion,65.73,105
1432,LOTE-030,2026-01-09,Sanidad,1553.23,58
1433,LOTE-006,2026-11-07,Produccion,847.84,5
1434,LOTE-046,2026-04-17,Formacion,1398.67,29
1435,LOTE-050,2026-08-01,Formacion,74.19,29
1436,LOTE-023,2026-02-28,Produccion,601.41,30
1437,LOTE-003,2026-07-26,Sanidad,1558.19,59
1438,LOTE-004,2026-04-09,Rejuvenecimiento,737.11,115
1439,LOTE-034,2026-07-25,Sanidad,444.24,94
1440,LOTE-046,2026-11-27,Sanidad,745.08,19
1441,LOTE-035,2026-01-14,Formacion,568.06,101
1442,LOTE-007,2026-03-30,Sanidad,1586.81,33
1443,LOTE-027,2026-01-09,Formacion,1029.56,10
1444,LOTE-012,2026-06-16,Produccion,532.72,12
1445,LOTE-014,2026-05-13,Formacion,668.45,50
1446,LOTE-040,2026-04-11,Produccion,1133.79,95
1447,LOTE-043,2026-05-29,Produccion,814.84,41
1448,LOTE-014,2026-04-13,Produccion,642.03,69
1449,LOTE-023,2026-10-03,Sanidad,1117.84,68
1450,LOTE-033,2026-01-07,Produccion,1602.88,19
1451,LOTE-036,2026-12-24,Sanidad,1098.72,49
1452,LOTE-005,2026-07-24,Formacion,305.69,32
1453,LOTE-044,2026-03-18,Sanidad,1791.05,45
1454,LOTE-032,2026-06-12,Sanidad,N/A,
1455,LOTE-010,2026-11-25,Sanidad,1093.94,37
1456,LOTE-050,2026-06-03,Rejuvenecimiento,266.89,44
1457,LOTE-009,2026-08-01,Formacion,139.94,6
1458,LOTE-045,2026-10-31,Formacion,235.9,85
1459,LOTE-002,2026-08-30,Formacion,1559.44,109
1460,LOTE-048,2026-01-10,Formacion,1549.72,22
1461,LOTE-014,2026-08-08,Produccion,592.9,71
1462,LOTE-008,2026-04-08,Formacion,1871.25,82
1463,LOTE-008,2026-12-02,Rejuvenecimiento,286.02,3
1464,LOTE-015,2026-05-25,Formacion,1697.68,12
1465,LOTE-036,2026-06-30,Sanidad,1785.92,117
1466,LOTE-011,2026-05-26,Produccion,1078.0,118
1467,LOTE-014,2026-04-06,Produccion,999.23,3
1468,LOTE-040,2026-06-09,Formacion,518.01,91
1469,LOTE-050,2026-01-06,Rejuvenecimiento,1129.29,107
1470,LOTE-031,2026-01-15,Formacion,1439.65,64
1471,LOTE-034,2026-07-06,Rejuvenecimiento,627.32,108
1472,LOTE-043,2026-12-14,Produccion,1915.74,84
1473,LOTE-035,2026-02-13,Produccion,1182.07,90
1474,LOTE-031,2026-04-27,Rejuvenecimiento,1294.03,7
1475,LOTE-031,2026-02-17,Sanidad,1839.16,89
1476,LOTE-040,2026-06-23,Formacion,799.84,78
1477,LOTE-038,2026-11-08,Rejuvenecimiento,1877.32,58
1478,LOTE-025,2026-11-17,Rejuvenecimiento,-262.8,44
1479,LOTE-044,2026-09-10,Sanidad,1999.87,78
1480,LOTE-036,2026-08-23,Formacion,1058.42,70
1481,LOTE-045,2026-07-16,Rejuvenecimiento,1911.87,105
1482,LOTE-034,2026-09-14,Sanidad,1534.73,19
1483,LOTE-029,2026-04-09,Rejuvenecimiento,216.89,34
1484,LOTE-023,2026-10-20,Sanidad,919.31,25
1485,LOTE-031,2026-12-10,Sanidad,1441.76,43
1486,LOTE-005,2026-06-20,Produccion,614.84,2
1487,LOTE-003,2026-10-23,Sanidad,977.11,84
1488,LOTE-032,2026-10-08,Rejuvenecimiento,277.44,82
1489,LOTE-044,2026-07-25,Produccion,1089.9,35
1490,LOTE-023,2026-05-14,Produccion,1550.87,41
1491,LOTE-034,2026-10-20,Sanidad,729.28,50
1492,LOTE-019,2026-10-28,Sanidad,1767.37,21
1493,LOTE-003,2026-01-10,Produccion,1805.74,3
1494,LOTE-018,2026-07-19,Formacion,278.2,71
1495,LOTE-028,2026-03-18,Sanidad,130.88,50
1496,LOTE-014,2026-07-18,Produccion,858.43,77
1497,LOTE-029,2026-06-16,Formacion,1698.7,55
1498,LOTE-049,2026-08-30,Produccion,1471.28,54
1499,LOTE-020,2026-01-20,Sanidad,-324.61,53
1500,LOTE-009,2026-02-18,Produccion,628.1,27
1501,LOTE-014,2026-12-06,Formacion,604.03,65
1502,LOTE-016,2026-05-01,Formacion,1336.25,17
1503,LOTE-019,2026-10-30,Sanidad,1418.22,57
1504,LOTE-006,2026-11-06,Sanidad,297.31,117
1505,LOTE-001,2026-11-28,Rejuvenecimiento,1828.33,50
1506,LOTE-024,2026-07-22,Produccion,1105.35,66
1507,LOTE-007,2026-04-04,Produccion,1804.19,37
1508,LOTE-022,2026-07-13,Sanidad,107.48,20
1509,LOTE-040,2026-02-03,Produccion,1261.21,70
1510,LOTE-013,2026-11-09,Rejuvenecimiento,1838.53,115
1511,LOTE-037,2026-08-14,Rejuvenecimiento,1096.28,116
1512,LOTE-009,2026-01-24,Formacion,809.22,84
1513,LOTE-017,2026-05-10,Formacion,1894.94,55
1514,LOTE-027,2026-06-17,Sanidad,1422.66,119
1515,LOTE-037,2026-11-16,Formacion,1803.79,39
1516,LOTE-025,2026-01-10,Produccion,1709.03,12
1517,LOTE-011,2026-12-16,Rejuvenecimiento,612.01,80
1518,LOTE-029,2026-07-24,Formacion,514.3,88
1519,LOTE-027,2026-06-09,Sanidad,1483.76,67
1520,LOTE-007,2026-01-05,Sanidad,1282.99,87
1521,LOTE-019,2026-07-14,Rejuvenecimiento,1888.35,64
1522,LOTE-045,2026-05-04,Sanidad,504.65,15
1523,LOTE-004,2026-07-17,Produccion,679.71,94
1524,LOTE-010,2026-04-02,Sanidad,N/A,
1525,LOTE-037,2026-07-21,Produccion,696.98,56
1526,LOTE-036,2026-04-17,Produccion,566.71,107
1527,LOTE-015,2026-04-02,Produccion,1143.56,76
1528,LOTE-011,2026-02-09,Produccion,1249.19,74
1529,LOTE-017,2026-10-22,Sanidad,1716.53,65
1530,LOTE-049,2026-06-23,Formacion,746.42,97
1531,LOTE-012,2026-02-27,Sanidad,4900.47,-5
1532,LOTE-029,2026-06-07,Sanidad,472.82,88
1533,LOTE-012,2026-10-09,Rejuvenecimiento,235.72,28
1534,LOTE-047,2026-11-29,Sanidad,1114.96,87
1535,LOTE-039,2026-10-30,Produccion,175.61,78
1536,LOTE-017,2026-08-15,Sanidad,946.69,11
1537,LOTE-004,2026-04-10,Sanidad,1620.33,50
1538,LOTE-036,2026-08-18,Formacion,801.18,45
1539,LOTE-037,2026-07-15,Rejuvenecimiento,1980.76,67
1540,LOTE-018,2026-03-02,Rejuvenecimiento,679.89,55
1541,LOTE-017,2026-03-06,Formacion,1608.3,45
1542,LOTE-028,2026-04-22,Sanidad,1224.34,65
1543,LOTE-026,2026-10-13,Sanidad,1186.54,65
1544,LOTE-031,2026-09-03,Rejuvenecimiento,1806.45,83
1545,LOTE-038,2026-06-15,Sanidad,1424.26,71
1546,LOTE-043,2026-10-25,Formacion,1662.65,53
1547,LOTE-027,2026-07-20,Formacion,1726.36,16
1548,LOTE-031,2026-08-02,Rejuvenecimiento,879.09,80
1549,LOTE-018,2026-07-20,Sanidad,977.08,93
1550,LOTE-023,2026-07-27,Sanidad,937.33,105
1551,LOTE-028,2026-03-11,Sanidad,904.0,61
1552,LOTE-032,2026-11-19,Sanidad,854.83,63
1553,LOTE-028,2026-03-26,Produccion,1104.81,118
1554,LOTE-039,2026-09-25,Rejuvenecimiento,68.69,14
1555,LOTE-048,2026-05-01,Rejuvenecimiento,1421.75,33
1556,LOTE-050,2026-07-01,Rejuvenecimiento,1232.31,79
1557,LOTE-038,2026-04-24,Produccion,1478.94,28
1558,LOTE-016,2026-08-09,Rejuvenecimiento,1284.77,4
1559,LOTE-030,2026-01-23,Formacion,611.21,97
1560,LOTE-006,2026-07-08,Formacion,1677.58,40
1561,LOTE-026,2026-04-20,Rejuvenecimiento,1773.23,12
1562,LOTE-003,2026-05-24,Rejuvenecimiento,141.97,54
1563,LOTE-039,2026-01-20,Produccion,995.06,112
1564,LOTE-026,2026-08-26,Formacion,374.54,55
1565,LOTE-050,2026-11-10,Formacion,1938.09,61
1566,LOTE-014,2026-07-15,Sanidad,764.14,8
1567,LOTE-040,2026-04-20,Sanidad,655.45,60
1568,LOTE-030,2026-09-26,Sanidad,1869.45,7
1569,LOTE-024,2026-01-11,Produccion,1972.41,50
1570,LOTE-043,2026-01-28,Rejuvenecimiento,1273.77,99
1571,LOTE-039,2026-06-22,Sanidad,324.92,49
1572,LOTE-002,2026-02-18,Rejuvenecimiento,143.31,86
1573,LOTE-017,2026-05-15,Rejuvenecimiento,268.91,10
1574,LOTE-041,2026-11-02,Formacion,817.98,73
1575,LOTE-031,2026-03-27,Rejuvenecimiento,1943.7,84
1576,LOTE-040,2026-07-05,Produccion,326.84,36
1577,LOTE-017,2026-02-10,Produccion,1657.24,52
1578,LOTE-007,2026-10-21,Produccion,520.23,38
1579,LOTE-004,2026-01-27,Rejuvenecimiento,1703.02,-5
1580,LOTE-007,2026-06-13,Rejuvenecimiento,1054.09,61
1581,LOTE-029,2026-01-17,Formacion,1416.48,70
1582,LOTE-008,2026-12-29,Sanidad,908.85,96
1583,LOTE-020,2026-12-13,Formacion,1971.12,24
1584,LOTE-001,2026-04-17,Sanidad,135.92,44
1585,LOTE-023,2026-06-03,Rejuvenecimiento,1095.69,104
1586,LOTE-015,2026-09-15,Produccion,1976.58,1
1587,LOTE-032,2026-03-20,Formacion,826.93,45
1588,LOTE-046,2026-06-09,Produccion,1498.04,47
1589,LOTE-007,2026-05-30,Produccion,1115.41,68
1590,LOTE-033,2026-10-12,Produccion,664.34,93
1591,LOTE-005,2026-11-06,Produccion,1544.27,77
1592,LOTE-019,2026-07-21,Rejuvenecimiento,1898.83,84
1593,LOTE-048,2026-04-02,Produccion,1948.6,68
1594,LOTE-035,2026-08-04,Formacion,1421.0,7
1595,LOTE-022,2026-07-24,Formacion,579.04,34
1596,LOTE-006,2026-09-21,Produccion,1832.31,22
1597,LOTE-013,2026-09-29,Sanidad,1452.1,77
1598,LOTE-002,2026-10-23,Rejuvenecimiento,1232.42,57
1599,LOTE-033,2026-02-13,Sanidad,388.63,26
1600,LOTE-045,2026-04-30,Rejuvenecimiento,1711.88,29
1601,LOTE-029,2026-04-10,Formacion,490.26,27
1602,LOTE-008,2026-04-20,Formacion,1801.06,47
1603,LOTE-012,2026-03-14,Produccion,1690.47,42
1604,LOTE-047,2026-11-19,Formacion,333.23,11
1605,LOTE-032,2026-03-03,Formacion,1181.8,6
1606,LOTE-046,2026-08-25,Rejuvenecimiento,1463.14,6
1607,LOTE-026,2026-07-23,Sanidad,1780.1,61
1608,LOTE-031,2026-09-01,Produccion,1792.86,26
1609,LOTE-037,2026-08-05,Sanidad,1024.75,119
1610,LOTE-005,2026-09-02,Rejuvenecimiento,1173.22,108
1611,LOTE-012,2026-11-25,Produccion,1454.32,18
1612,LOTE-043,2026-01-15,Formacion,1800.91,68
1613,LOTE-017,2026-11-12,Sanidad,126.43,31
1614,LOTE-050,2026-10-25,Sanidad,617.92,11
1615,LOTE-042,2026-03-05,Formacion,353.41,88
1616,LOTE-011,2026-11-17,Formacion,1170.52,105
1617,LOTE-044,2026-09-10,Produccion,483.06,12
1618,LOTE-020,2026-01-15,Produccion,152.22,113
1619,LOTE-013,2026-09-03,Formacion,1601.06,118
1620,LOTE-040,2026-06-09,Rejuvenecimiento,858.42,53
1621,LOTE-015,2026-10-27,Produccion,1935.86,101
1622,LOTE-009,2026-08-01,Sanidad,651.37,108
1623,LOTE-024,2026-04-14,Produccion,1708.43,1
1624,LOTE-038,2026-05-10,Sanidad,1680.24,65
1625,LOTE-046,2026-11-20,Sanidad,872.75,13
1626,LOTE-046,2026-05-20,Rejuvenecimiento,134.43,106
1627,LOTE-045,2026-07-11,Rejuvenecimiento,834.65,83
1628,LOTE-043,2026-06-18,Formacion,1288.44,-5
1629,LOTE-037,2026-05-29,Rejuvenecimiento,95.92,67
1630,LOTE-005,2026-05-08,Rejuvenecimiento,1098.34,17
1631,LOTE-034,2026-11-19,Produccion,762.92,12
1632,LOTE-028,2026-05-26,Rejuvenecimiento,773.69,68
1633,LOTE-023,2026-06-23,Sanidad,1138.33,103
1634,LOTE-026,2026-09-10,Produccion,1992.14,80
1635,LOTE-016,2026-02-18,Formacion,343.69,38
1636,LOTE-006,2026-07-15,Formacion,139.84,95
1637,LOTE-020,2026-05-04,Produccion,1604.22,111
1638,LOTE-029,2026-07-27,Sanidad,684.09,69
1639,LOTE-002,2026-02-17,Rejuvenecimiento,1966.94,56
1640,LOTE-016,2026-04-16,Rejuvenecimiento,1334.48,70
1641,LOTE-011,2026-11-21,Rejuvenecimiento,147.27,114
1642,LOTE-007,2026-03-05,Produccion,742.36,64
1643,LOTE-018,2026-05-14,Formacion,1474.46,78
1644,LOTE-044,2026-04-15,Formacion,1486.97,28
1645,LOTE-015,2026-01-03,Produccion,390.58,25
1646,LOTE-039,2026-11-10,Rejuvenecimiento,512.91,93
1647,LOTE-011,2026-01-14,Rejuvenecimiento,1144.15,69
1648,LOTE-004,2026-08-08,Sanidad,1345.85,1
1649,LOTE-013,2026-02-10,Produccion,1241.18,100
1650,LOTE-004,2026-11-02,Produccion,300.08,116
1651,LOTE-050,2026-08-21,Sanidad,884.7,38
1652,LOTE-033,2026-02-06,Formacion,1066.69,79
1653,LOTE-045,2026-04-22,Formacion,950.76,41
1654,LOTE-002,2026-12-15,Formacion,949.36,54
1655,LOTE-037,2026-06-22,Formacion,N/A,
1656,LOTE-005,2026-01-03,Formacion,126.86,30
1657,LOTE-009,2026-09-18,Formacion,981.12,51
1658,LOTE-013,2026-08-26,Produccion,1076.7,104
1659,LOTE-017,2026-03-09,Produccion,1923.97,101
1660,LOTE-010,2026-11-19,Rejuvenecimiento,579.67,36
1661,LOTE-037,2026-11-13,Produccion,57.34,1
1662,LOTE-040,2026-01-31,Rejuvenecimiento,144.77,33
1663,LOTE-016,2026-10-20,Rejuvenecimiento,1617.65,51
1664,LOTE-018,2026-12-12,Produccion,685.42,96
1665,LOTE-049,2026-03-10,Formacion,374.64,19
1666,LOTE-046,2026-11-12,Produccion,1966.89,78
1667,LOTE-022,2026-11-08,Produccion,198.0,89
1668,LOTE-042,2026-11-13,Formacion,1012.87,17
1669,LOTE-005,2026-07-10,Produccion,1067.78,118
1670,LOTE-013,2026-01-20,Formacion,1813.91,52
1671,LOTE-008,2026-07-24,Sanidad,645.22,98
1672,LOTE-013,2026-08-30,Formacion,200.55,11
1673,LOTE-041,2026-07-23,Produccion,1080.93,29
1674,LOTE-014,2026-03-18,Sanidad,1364.67,112
1675,LOTE-028,2026-08-13,Sanidad,622.18,86
1676,LOTE-004,2026-09-06,Sanidad,776.26,37
1677,LOTE-001,2026-03-29,Produccion,1082.7,97
1678,LOTE-011,2026-12-28,Sanidad,567.84,45
1679,LOTE-003,2026-09-21,Rejuvenecimiento,1037.57,63
1680,LOTE-005,2026-03-28,Produccion,553.29,26
1681,LOTE-024,2026-04-18,Formacion,1190.61,86
1682,LOTE-031,2026-05-04,Formacion,902.09,23
1683,LOTE-044,2026-09-21,Rejuvenecimiento,1081.37,43
1684,LOTE-039,2026-01-24,Rejuvenecimiento,389.85,91
1685,LOTE-027,2026-11-30,Rejuvenecimiento,1228.0,18
1686,LOTE-005,2026-06-22,Rejuvenecimiento,267.38,99
1687,LOTE-022,2026-01-14,Rejuvenecimiento,502.24,85
1688,LOTE-041,2026-05-21,Formacion,175.64,63
1689,LOTE-029,2026-12-09,Rejuvenecimiento,1283.03,25
1690,LOTE-018,2026-09-06,Produccion,823.97,11
1691,LOTE-031,2026-04-10,Produccion,1955.93,82
1692,LOTE-026,2026-09-16,Sanidad,1339.5,113
1693,LOTE-028,2026-11-30,Formacion,811.12,22
1694,LOTE-040,2026-12-27,Produccion,1492.22,84
1695,LOTE-014,2026-12-31,Sanidad,1682.91,108
1696,LOTE-001,2026-09-16,Rejuvenecimiento,1921.31,98
1697,LOTE-014,2026-05-16,Produccion,574.89,1
1698,LOTE-040,2026-01-20,Rejuvenecimiento,1656.64,97
1699,LOTE-021,2026-12-28,Sanidad,299.94,66
1700,LOTE-029,2026-10-29,Rejuvenecimiento,1018.45,72
1701,LOTE-005,2026-05-29,Formacion,1300.92,73
1702,LOTE-021,2026-10-02,Rejuvenecimiento,1349.78,23
1703,LOTE-028,2026-03-15,Formacion,1333.88,90
1704,LOTE-008,2026-08-13,Rejuvenecimiento,561.25,67
1705,LOTE-048,2026-08-26,Sanidad,736.93,84
1706,LOTE-016,2026-02-07,Sanidad,-211.48,33
1707,LOTE-009,2026-07-25,Produccion,397.07,53
1708,LOTE-032,2026-10-07,Sanidad,1721.1,61
1709,LOTE-040,2026-08-25,Sanidad,136.31,30
1710,LOTE-033,2026-08-10,Rejuvenecimiento,842.38,1
1711,LOTE-006,2026-06-22,Rejuvenecimiento,336.69,9
1712,LOTE-018,2026-10-07,Formacion,682.66,40
1713,LOTE-016,2026-02-10,Sanidad,1672.38,5
1714,LOTE-024,2026-05-22,Formacion,1644.12,5
1715,LOTE-012,2026-05-27,Rejuvenecimiento,394.33,79
1716,LOTE-002,2026-04-13,Produccion,182.66,104
1717,LOTE-023,2026-05-10,Formacion,102.7,35
1718,LOTE-011,2026-05-20,Formacion,712.25,107
1719,LOTE-011,2026-01-05,Produccion,366.4,86
1720,LOTE-033,2026-12-26,Produccion,944.37,91
1721,LOTE-005,2026-12-04,Sanidad,434.48,64
1722,LOTE-037,2026-09-23,Produccion,253.59,32
1723,LOTE-033,2026-09-28,Produccion,1051.26,77
1724,LOTE-047,2026-05-10,Rejuvenecimiento,341.92,57
1725,LOTE-011,2026-07-31,Rejuvenecimiento,1835.65,108
1726,LOTE-031,2026-05-19,Sanidad,1908.75,106
1727,LOTE-008,2026-10-04,Sanidad,956.02,49
1728,LOTE-013,2026-03-06,Formacion,963.92,3
1729,LOTE-050,2026-04-01,Formacion,4290.06,-5
1730,LOTE-045,2026-03-01,Produccion,1636.07,102
1731,LOTE-015,2026-11-16,Sanidad,52.47,35
1732,LOTE-027,2026-07-31,Sanidad,96.22,69
1733,LOTE-049,2026-06-22,Sanidad,1693.28,56
1734,LOTE-017,2026-01-21,Formacion,1934.02,26
1735,LOTE-028,2026-04-27,Formacion,1505.58,96
1736,LOTE-004,2026-07-26,Produccion,78.05,100
1737,LOTE-017,2026-06-01,Sanidad,1674.45,2
1738,LOTE-021,2026-04-29,Rejuvenecimiento,1109.97,4
1739,LOTE-032,2026-11-19,Rejuvenecimiento,1026.83,64
1740,LOTE-003,2026-08-17,Rejuvenecimiento,1265.13,72
1741,LOTE-018,2026-02-04,Rejuvenecimiento,1540.34,27
1742,LOTE-030,2026-04-26,Sanidad,1919.31,94
1743,LOTE-039,2026-05-04,Sanidad,535.77,73
1744,LOTE-018,2026-12-26,Sanidad,1829.55,6
1745,LOTE-033,2026-03-05,Sanidad,247.71,24
1746,LOTE-049,2026-10-27,Produccion,649.92,105
1747,LOTE-036,2026-02-25,Produccion,1261.63,63
1748,LOTE-026,2026-10-31,Rejuvenecimiento,1867.05,72
1749,LOTE-002,2026-06-29,Sanidad,3232.32,-5
1750,LOTE-036,2026-03-28,Formacion,280.99,38
1751,LOTE-018,2026-11-16,Produccion,1665.98,94
1752,LOTE-029,2026-06-30,Rejuvenecimiento,448.12,30
1753,LOTE-018,2026-11-21,Sanidad,499.42,32
1754,LOTE-001,2026-09-08,Produccion,521.3,95
1755,LOTE-012,2026-06-10,Formacion,399.81,110
1756,LOTE-011,2026-11-03,Produccion,1969.93,44
1757,LOTE-036,2026-06-07,Produccion,1722.01,92
1758,LOTE-034,2026-11-28,Produccion,361.84,95
1759,LOTE-021,2026-09-06,Formacion,1908.08,37
1760,LOTE-029,2026-07-13,Rejuvenecimiento,1466.65,96
1761,LOTE-005,2026-01-25,Sanidad,2442.82,-5
1762,LOTE-021,2026-05-14,Produccion,977.6,84
1763,LOTE-024,2026-04-04,Formacion,1658.45,71
1764,LOTE-008,2026-03-26,Rejuvenecimiento,202.98,84
1765,LOTE-027,2026-09-24,Sanidad,1806.57,91
1766,LOTE-017,2026-10-20,Rejuvenecimiento,735.1,15
1767,LOTE-018,2026-09-24,Sanidad,279.23,18
1768,LOTE-015,2026-08-29,Produccion,1411.4,27
1769,LOTE-039,2026-08-13,Formacion,1742.66,102
1770,LOTE-009,2026-09-30,Formacion,759.01,69
1771,LOTE-024,2026-01-04,Rejuvenecimiento,966.31,85
1772,LOTE-028,2026-11-28,Produccion,1294.06,16
1773,LOTE-025,2026-11-21,Rejuvenecimiento,-575.36,89
1774,LOTE-004,2026-04-01,Formacion,457.64,99
1775,LOTE-007,2026-11-01,Formacion,150.73,55
1776,LOTE-045,2026-09-16,Formacion,1489.87,45
1777,LOTE-023,2026-02-14,Produccion,1342.71,6
1778,LOTE-034,2026-06-13,Produccion,677.72,103
1779,LOTE-036,2026-11-12,Produccion,548.81,35
1780,LOTE-033,2026-02-06,Formacion,195.76,23
1781,LOTE-018,2026-03-05,Produccion,171.38,56
1782,LOTE-037,2026-08-29,Produccion,135.6,100
1783,LOTE-037,2026-01-05,Sanidad,1516.42,26
1784,LOTE-008,2026-02-03,Rejuvenecimiento,256.76,94
1785,LOTE-046,2026-01-25,Sanidad,514.53,65
1786,LOTE-037,2026-02-12,Formacion,810.93,119
1787,LOTE-012,2026-10-21,Produccion,972.77,39
1788,LOTE-041,2026-12-20,Sanidad,217.66,57
1789,LOTE-015,2026-10-04,Formacion,213.09,116
1790,LOTE-027,2026-08-26,Rejuvenecimiento,532.29,98
1791,LOTE-027,2026-11-01,Formacion,361.52,35
1792,LOTE-044,2026-11-16,Sanidad,1132.13,40
1793,LOTE-035,2026-07-25,Sanidad,1395.17,60
1794,LOTE-046,2026-02-21,Rejuvenecimiento,1199.34,61
1795,LOTE-048,2026-03-18,Produccion,667.0,112
1796,LOTE-005,2026-09-29,Sanidad,1218.18,50
1797,LOTE-001,2026-03-12,Rejuvenecimiento,332.91,119
1798,LOTE-020,2026-10-29,Formacion,1314.41,73
1799,LOTE-017,2026-10-09,Produccion,410.42,94
1800,LOTE-047,2026-09-13,Formacion,1571.41,23
1801,LOTE-004,2026-03-24,Produccion,1313.86,38
1802,LOTE-038,2026-08-25,Rejuvenecimiento,198.21,27
1803,LOTE-041,2026-04-23,Produccion,839.75,104
1804,LOTE-013,2026-09-07,Formacion,1430.43,20
1805,LOTE-035,2026-02-14,Rejuvenecimiento,739.23,113
1806,LOTE-040,2026-08-18,Formacion,575.99,33
1807,LOTE-036,2026-08-30,Sanidad,1641.56,98
1808,LOTE-046,2026-08-26,Sanidad,1409.71,54
1809,LOTE-044,2026-07-20,Produccion,1189.23,12
1810,LOTE-002,2026-11-06,Produccion,N/A,
1811,LOTE-025,2026-07-05,Formacion,1450.3,12
1812,LOTE-013,2026-08-08,Formacion,648.4,43
1813,LOTE-030,2026-04-04,Rejuvenecimiento,1882.97,18
1814,LOTE-018,2026-08-14,Rejuvenecimiento,1692.14,112
1815,LOTE-015,2026-12-09,Rejuvenecimiento,698.49,46
1816,LOTE-024,2026-02-21,Rejuvenecimiento,1853.74,48
1817,LOTE-043,2026-03-20,Sanidad,421.26,56
1818,LOTE-039,2026-10-22,Sanidad,1899.82,70
1819,LOTE-025,2026-06-25,Produccion,261.45,93
1820,LOTE-040,2026-10-10,Formacion,612.64,117
1821,LOTE-016,2026-01-05,Rejuvenecimiento,828.94,119
1822,LOTE-005,2026-07-15,Produccion,648.63,6
1823,LOTE-049,2026-02-20,Sanidad,866.67,106
1824,LOTE-023,2026-03-21,Formacion,1039.66,59
1825,LOTE-022,2026-07-05,Produccion,1743.88,40
1826,LOTE-021,2026-05-18,Rejuvenecimiento,491.79,32
1827,LOTE-024,2026-02-25,Sanidad,1837.56,4
1828,LOTE-028,2026-06-14,Sanidad,118.65,31
1829,LOTE-047,2026-05-26,Formacion,1331.24,24
1830,LOTE-009,2026-11-15,Rejuvenecimiento,1682.45,113
1831,LOTE-029,2026-01-12,Sanidad,1722.66,114
1832,LOTE-029,2026-09-05,Sanidad,634.09,95
1833,LOTE-008,2026-02-07,Sanidad,1666.83,-5
1834,LOTE-014,2026-11-09,Sanidad,476.19,119
1835,LOTE-041,2026-07-20,Rejuvenecimiento,154.11,104
1836,LOTE-050,2026-03-16,Rejuvenecimiento,871.68,12
1837,LOTE-005,2026-06-26,Sanidad,1729.28,93
1838,LOTE-045,2026-08-13,Sanidad,1558.87,41
1839,LOTE-008,2026-11-02,Produccion,944.2,12
1840,LOTE-048,2026-10-04,Produccion,504.71,110
1841,LOTE-042,2026-02-19,Rejuvenecimiento,716.09,45
1842,LOTE-035,2026-06-19,Produccion,1261.02,12
1843,LOTE-034,2026-03-01,Produccion,443.25,96
1844,LOTE-035,2026-10-13,Produccion,868.52,102
1845,LOTE-033,2026-03-02,Sanidad,809.7,20
1846,LOTE-002,2026-10-02,Formacion,1133.82,30
1847,LOTE-007,2026-07-25,Produccion,-385.59,46
1848,LOTE-038,2026-08-04,Rejuvenecimiento,1856.11,44
1849,LOTE-006,2026-06-22,Produccion,120.66,68
1850,LOTE-046,2026-07-03,Rejuvenecimiento,487.36,116
1851,LOTE-034,2026-11-01,Rejuvenecimiento,741.35,78
1852,LOTE-001,2026-06-03,Sanidad,1447.8,79
1853,LOTE-020,2026-12-10,Rejuvenecimiento,187.35,70
1854,LOTE-003,2026-06-23,Sanidad,1520.68,62
1855,LOTE-015,2026-08-31,Formacion,847.36,103
1856,LOTE-035,2026-01-21,Sanidad,731.98,113
1857,LOTE-017,2026-02-22,Sanidad,-159.97,91
1858,LOTE-004,2026-09-22,Produccion,252.76,109
1859,LOTE-022,2026-09-03,Sanidad,1027.48,100
1860,LOTE-003,2026-12-01,Rejuvenecimiento,1573.13,67
1861,LOTE-031,2026-02-03,Formacion,1222.49,88
1862,LOTE-009,2026-03-13,Produccion,1257.37,21
1863,LOTE-037,2026-09-19,Formacion,814.42,7
1864,LOTE-015,2026-02-10,Produccion,1320.48,116
1865,LOTE-025,2026-02-18,Sanidad,1573.59,13
1866,LOTE-021,2026-09-22,Rejuvenecimiento,86.28,69
1867,LOTE-028,2026-04-27,Sanidad,832.18,1
1868,LOTE-026,2026-02-08,Sanidad,961.21,36
1869,LOTE-019,2026-06-22,Produccion,1585.77,62
1870,LOTE-017,2026-12-08,Formacion,1209.63,92
1871,LOTE-038,2026-02-10,Rejuvenecimiento,1716.49,13
1872,LOTE-021,2026-02-20,Formacion,1124.3,5
1873,LOTE-021,2026-06-29,Rejuvenecimiento,1225.63,51
1874,LOTE-039,2026-09-18,Produccion,1199.84,54
1875,LOTE-007,2026-07-09,Sanidad,1127.54,63
1876,LOTE-023,2026-03-16,Sanidad,192.37,62
1877,LOTE-007,2026-10-16,Sanidad,1229.28,4
1878,LOTE-008,2026-05-16,Produccion,1865.54,82
1879,LOTE-014,2026-08-17,Rejuvenecimiento,460.9,12
1880,LOTE-022,2026-08-25,Formacion,448.63,-5
1881,LOTE-027,2026-09-23,Formacion,1651.65,16
1882,LOTE-033,2026-07-26,Produccion,1297.95,102
1883,LOTE-014,2026-11-29,Rejuvenecimiento,559.59,32
1884,LOTE-042,2026-01-03,Formacion,1732.41,17
1885,LOTE-026,2026-12-27,Produccion,699.36,22
1886,LOTE-040,2026-06-16,Formacion,1630.73,23
1887,LOTE-050,2026-11-17,Produccion,1843.21,14
1888,LOTE-036,2026-05-11,Formacion,1769.32,101
1889,LOTE-040,2026-08-27,Produccion,158.24,17
1890,LOTE-033,2026-11-01,Rejuvenecimiento,1650.97,28
1891,LOTE-031,2026-10-05,Sanidad,1601.09,11
1892,LOTE-031,2026-05-11,Rejuvenecimiento,1515.23,89
1893,LOTE-008,2026-12-11,Rejuvenecimiento,704.87,103
1894,LOTE-030,2026-11-04,Rejuvenecimiento,813.48,41
1895,LOTE-022,2026-02-21,Sanidad,489.13,73
1896,LOTE-025,2026-04-21,Formacion,1018.43,31
1897,LOTE-005,2026-01-29,Produccion,1966.89,97
1898,LOTE-028,2026-10-06,Formacion,816.15,47
1899,LOTE-047,2026-03-13,Rejuvenecimiento,450.86,114
1900,LOTE-050,2026-10-01,Produccion,1403.46,76
1901,LOTE-038,2026-03-14,Produccion,533.18,-5
1902,LOTE-033,2026-05-17,Produccion,420.62,3
1903,LOTE-047,2026-07-27,Sanidad,545.5,118
1904,LOTE-042,2026-10-22,Produccion,1242.25,116
1905,LOTE-014,2026-06-30,Formacion,430.4,111
1906,LOTE-006,2026-03-14,Formacion,444.86,96
1907,LOTE-045,2026-10-31,Produccion,729.68,103
1908,LOTE-032,2026-05-17,Produccion,1747.89,37
1909,LOTE-014,2026-03-20,Sanidad,1166.8,68
1910,LOTE-004,2026-08-24,Formacion,1532.18,69
1911,LOTE-038,2026-09-22,Rejuvenecimiento,222.76,105
1912,LOTE-044,2026-12-22,Formacion,707.79,11
1913,LOTE-024,2026-04-28,Formacion,-627.64,72
1914,LOTE-038,2026-03-28,Produccion,1225.92,42
1915,LOTE-048,2026-07-23,Formacion,138.17,61
1916,LOTE-011,2026-03-23,Rejuvenecimiento,592.16,67
1917,LOTE-047,2026-08-30,Produccion,976.28,15
1918,LOTE-031,2026-03-30,Sanidad,1023.27,105
1919,LOTE-038,2026-10-09,Rejuvenecimiento,670.77,29
1920,LOTE-044,2026-10-20,Formacion,1764.83,9
1921,LOTE-012,2026-04-24,Sanidad,342.85,89
1922,LOTE-018,2026-01-02,Rejuvenecimiento,247.88,47
1923,LOTE-010,2026-01-16,Produccion,1372.36,70
1924,LOTE-006,2026-06-02,Produccion,2565.99,-5
1925,LOTE-002,2026-06-02,Formacion,875.56,48
1926,LOTE-027,2026-06-05,Produccion,1582.63,71
1927,LOTE-021,2026-09-12,Rejuvenecimiento,539.68,57
1928,LOTE-006,2026-07-20,Rejuvenecimiento,402.35,62
1929,LOTE-027,2026-12-04,Formacion,676.76,87
1930,LOTE-039,2026-10-10,Rejuvenecimiento,488.36,116
1931,LOTE-007,2026-09-17,Formacion,1406.47,-5
1932,LOTE-036,2026-04-21,Rejuvenecimiento,292.28,50
1933,LOTE-019,2026-01-19,Sanidad,121.37,16
1934,LOTE-041,2026-04-13,Produccion,123.87,7
1935,LOTE-023,2026-11-06,Produccion,838.36,103
1936,LOTE-050,2026-01-26,Formacion,1229.36,89
1937,LOTE-045,2026-05-30,Sanidad,1788.52,38
1938,LOTE-003,2026-12-02,Rejuvenecimiento,1546.87,19
1939,LOTE-042,2026-12-25,Rejuvenecimiento,1614.3,81
1940,LOTE-008,2026-06-05,Sanidad,939.34,98
1941,LOTE-009,2026-01-19,Rejuvenecimiento,1415.26,53
1942,LOTE-011,2026-05-04,Produccion,1617.85,23
1943,LOTE-017,2026-04-30,Rejuvenecimiento,1102.59,-5
1944,LOTE-020,2026-12-19,Rejuvenecimiento,1961.93,50
1945,LOTE-045,2026-11-11,Produccion,1404.58,100
1946,LOTE-004,2026-03-15,Sanidad,1083.89,104
1947,LOTE-002,2026-07-20,Sanidad,1866.72,54
1948,LOTE-033,2026-10-26,Sanidad,541.33,22
1949,LOTE-036,2026-08-26,Formacion,1968.59,84
1950,LOTE-023,2026-08-18,Produccion,1178.84,55
1951,LOTE-006,2026-08-04,Formacion,1843.88,26
1952,LOTE-047,2026-08-22,Sanidad,1158.82,110
1953,LOTE-043,2026-08-01,Rejuvenecimiento,1132.5,24
1954,LOTE-027,2026-07-22,Sanidad,949.27,93
1955,LOTE-028,2026-10-21,Produccion,281.03,47
1956,LOTE-030,2026-12-02,Produccion,169.5,42
1957,LOTE-016,2026-10-01,Produccion,1946.5,96
1958,LOTE-047,2026-04-08,Produccion,1354.87,68
1959,LOTE-002,2026-12-01,Formacion,1959.38,89
1960,LOTE-030,2026-07-07,Rejuvenecimiento,1692.91,30
1961,LOTE-050,2026-12-17,Formacion,1985.22,11
1962,LOTE-023,2026-08-22,Sanidad,660.76,32
1963,LOTE-046,2026-10-19,Rejuvenecimiento,1849.27,40
1964,LOTE-024,2026-04-03,Produccion,867.41,66
1965,LOTE-005,2026-12-22,Sanidad,1361.88,69
1966,LOTE-040,2026-08-01,Sanidad,1373.25,56
1967,LOTE-025,2026-02-10,Produccion,1148.09,15
1968,LOTE-020,2026-05-19,Formacion,382.97,36
1969,LOTE-039,2026-08-14,Produccion,1182.83,43
1970,LOTE-043,2026-06-03,Formacion,1651.62,16
1971,LOTE-049,2026-04-13,Sanidad,1703.06,19
1972,LOTE-045,2026-09-03,Sanidad,158.59,2
1973,LOTE-028,2026-07-27,Formacion,818.18,-5
1974,LOTE-020,2026-07-17,Produccion,362.23,28
1975,LOTE-047,2026-02-26,Produccion,924.61,30
1976,LOTE-022,2026-09-29,Formacion,1695.37,10
1977,LOTE-017,2026-10-08,Formacion,1314.2,8
1978,LOTE-004,2026-12-21,Produccion,1272.83,37
1979,LOTE-026,2026-12-21,Formacion,1236.88,84
1980,LOTE-045,2026-08-13,Formacion,1301.63,115
1981,LOTE-026,2026-08-30,Rejuvenecimiento,1273.69,33
1982,LOTE-013,2026-08-01,Formacion,2363.44,-5
1983,LOTE-003,2026-04-30,Rejuvenecimiento,684.31,115
1984,LOTE-030,2026-10-08,Sanidad,1231.92,83
1985,LOTE-048,2026-12-12,Produccion,1372.16,48
1986,LOTE-048,2026-09-12,Rejuvenecimiento,754.56,119
1987,LOTE-022,2026-10-06,Produccion,684.5,89
1988,LOTE-044,2026-08-15,Produccion,N/A,
1989,LOTE-037,2026-03-09,Sanidad,658.39,21
1990,LOTE-046,2026-07-08,Sanidad,1831.51,110
1991,LOTE-010,2026-12-24,Produccion,754.72,52
1992,LOTE-006,2026-03-16,Sanidad,1294.65,85
1993,LOTE-019,2026-09-13,Formacion,331.44,56
1994,LOTE-048,2026-08-09,Formacion,1768.2,12
1995,LOTE-049,2026-05-05,Formacion,875.97,41
1996,LOTE-028,2026-11-14,Produccion,263.22,85
1997,LOTE-002,2026-12-03,Sanidad,659.38,18
1998,LOTE-004,2026-09-02,Rejuvenecimiento,430.82,93
1999,LOTE-036,2026-06-15,Rejuvenecimiento,79.22,74
2000,LOTE-036,2026-11-22,Rejuvenecimiento,334.14,65
2001,LOTE-046,2026-08-09,Sanidad,1194.55,85
2002,LOTE-028,2026-12-16,Sanidad,814.23,60
2003,LOTE-037,2026-07-10,Sanidad,1276.05,99
2004,LOTE-049,2026-06-13,Produccion,663.66,54
2005,LOTE-047,2026-08-24,Rejuvenecimiento,1068.64,31
2006,LOTE-021,2026-09-09,Formacion,385.24,19
2007,LOTE-006,2026-03-25,Sanidad,989.81,107
2008,LOTE-003,2026-01-09,Rejuvenecimiento,1849.81,17
2009,LOTE-045,2026-04-30,Sanidad,1341.13,73
2010,LOTE-018,2026-03-08,Formacion,1008.64,71
2011,LOTE-044,2026-05-22,Rejuvenecimiento,496.25,54
2012,LOTE-016,2026-04-07,Rejuvenecimiento,67.51,19
2013,LOTE-017,2026-02-24,Rejuvenecimiento,387.25,65
2014,LOTE-048,2026-04-06,Rejuvenecimiento,418.64,55
2015,LOTE-024,2026-05-03,Formacion,1369.83,23
2016,LOTE-023,2026-09-19,Produccion,646.64,55
2017,LOTE-012,2026-10-21,Formacion,269.41,61
2018,LOTE-047,2026-01-17,Formacion,4164.45,-5
2019,LOTE-041,2026-10-22,Sanidad,582.05,1
2020,LOTE-037,2026-07-01,Rejuvenecimiento,1139.71,88
2021,LOTE-045,2026-03-06,Formacion,1176.26,119
2022,LOTE-011,2026-06-12,Formacion,1808.48,49
2023,LOTE-009,2026-12-19,Sanidad,1807.15,23
2024,LOTE-048,2026-10-08,Formacion,1286.06,101
2025,LOTE-026,2026-01-30,Sanidad,1450.47,81
2026,LOTE-010,2026-01-06,Rejuvenecimiento,927.5,88
2027,LOTE-008,2026-07-19,Rejuvenecimiento,841.76,12
2028,LOTE-019,2026-05-16,Formacion,632.19,76
2029,LOTE-035,2026-06-03,Formacion,1081.24,96
2030,LOTE-024,2026-04-08,Produccion,1785.14,6
2031,LOTE-005,2026-08-14,Formacion,202.85,56
2032,LOTE-012,2026-11-11,Produccion,1312.15,18
2033,LOTE-020,2026-08-31,Rejuvenecimiento,1330.4,50
2034,LOTE-046,2026-07-12,Produccion,291.47,78
2035,LOTE-007,2026-04-07,Rejuvenecimiento,306.92,37
2036,LOTE-035,2026-12-29,Rejuvenecimiento,630.72,91
2037,LOTE-026,2026-02-19,Formacion,1960.4,118
2038,LOTE-015,2026-10-05,Rejuvenecimiento,1194.49,71
2039,LOTE-026,2026-09-19,Produccion,211.28,77
2040,LOTE-015,2026-08-15,Formacion,1819.21,76
2041,LOTE-049,2026-07-06,Sanidad,1013.11,28
2042,LOTE-006,2026-06-01,Sanidad,1283.06,119
2043,LOTE-035,2026-08-23,Produccion,331.92,63
2044,LOTE-007,2026-10-05,Formacion,174.94,16
2045,LOTE-023,2026-06-20,Formacion,1383.69,111
2046,LOTE-008,2026-02-07,Produccion,74.65,94
2047,LOTE-046,2026-03-11,Rejuvenecimiento,675.73,70
2048,LOTE-029,2026-08-08,Produccion,245.19,30
2049,LOTE-021,2026-07-03,Formacion,1189.94,37
2050,LOTE-040,2026-02-03,Produccion,79.15,95
2051,LOTE-038,2026-04-12,Rejuvenecimiento,919.92,105
2052,LOTE-011,2026-10-13,Formacion,1644.53,70
2053,LOTE-029,2026-03-18,Formacion,805.66,59
2054,LOTE-010,2026-04-16,Formacion,628.67,68
2055,LOTE-033,2026-12-30,Rejuvenecimiento,292.52,49
2056,LOTE-001,2026-05-29,Formacion,1303.59,120
2057,LOTE-012,2026-01-09,Formacion,435.22,24
2058,LOTE-024,2026-08-13,Rejuvenecimiento,532.7,114
2059,LOTE-044,2026-07-13,Produccion,161.76,42
2060,LOTE-014,2026-02-02,Formacion,1070.16,33
2061,LOTE-048,2026-07-20,Formacion,364.12,116
2062,LOTE-023,2026-02-16,Produccion,1756.39,77
2063,LOTE-020,2026-11-24,Formacion,1725.35,107
2064,LOTE-011,2026-01-02,Sanidad,1682.65,91
2065,LOTE-008,2026-03-14,Sanidad,139.38,96
2066,LOTE-029,2026-05-29,Produccion,731.87,114
2067,LOTE-032,2026-08-04,Formacion,242.88,99
2068,LOTE-039,2026-08-04,Produccion,598.91,116
2069,LOTE-009,2026-11-23,Sanidad,1330.55,86
2070,LOTE-039,2026-06-25,Formacion,789.64,94
2071,LOTE-032,2026-10-09,Produccion,433.04,57
2072,LOTE-024,2026-01-24,Formacion,1430.89,99
2073,LOTE-011,2026-06-11,Rejuvenecimiento,129.0,54
2074,LOTE-033,2026-04-08,Rejuvenecimiento,1252.57,94
2075,LOTE-027,2026-10-06,Sanidad,754.56,19
2076,LOTE-041,2026-06-27,Formacion,748.25,19
2077,LOTE-031,2026-06-20,Rejuvenecimiento,776.33,117
2078,LOTE-042,2026-01-23,Rejuvenecimiento,1713.08,20
2079,LOTE-037,2026-12-13,Formacion,1354.28,102
2080,LOTE-014,2026-01-19,Formacion,-377.42,32
2081,LOTE-006,2026-02-06,Formacion,-782.94,45
2082,LOTE-037,2026-01-03,Produccion,1359.96,30
2083,LOTE-011,2026-03-31,Rejuvenecimiento,139.05,84
2084,LOTE-048,2026-01-24,Formacion,753.14,19
2085,LOTE-015,2026-02-07,Formacion,125.61,47
2086,LOTE-036,2026-04-05,Sanidad,746.99,87
2087,LOTE-030,2026-12-26,Produccion,1507.74,39
2088,LOTE-043,2026-06-12,Formacion,1713.62,51
2089,LOTE-016,2026-02-02,Formacion,1476.31,61
2090,LOTE-039,2026-02-19,Produccion,928.93,50
2091,LOTE-035,2026-05-20,Rejuvenecimiento,580.49,14
2092,LOTE-040,2026-08-02,Produccion,1527.48,71
2093,LOTE-037,2026-02-15,Rejuvenecimiento,1155.64,66
2094,LOTE-025,2026-02-15,Produccion,1603.8,26
2095,LOTE-025,2026-08-07,Rejuvenecimiento,1846.7,70
2096,LOTE-032,2026-11-26,Produccion,1384.15,13
2097,LOTE-007,2026-02-23,Formacion,613.55,68
2098,LOTE-005,2026-11-10,Sanidad,1222.17,65
2099,LOTE-014,2026-08-23,Formacion,1050.75,37
2100,LOTE-042,2027-01-01,Rejuvenecimiento,717.61,28
2101,LOTE-043,2026-01-30,Sanidad,1508.37,40
2102,LOTE-043,2026-04-20,Sanidad,428.72,89
2103,LOTE-005,2026-11-21,Produccion,1876.93,17
2104,LOTE-010,2026-04-12,Sanidad,585.39,77
2105,LOTE-045,2026-07-17,Formacion,603.73,17
2106,LOTE-008,2026-10-25,Formacion,1648.94,108
2107,LOTE-015,2026-07-09,Rejuvenecimiento,1047.95,88
2108,LOTE-034,2026-03-19,Sanidad,626.16,23
2109,LOTE-001,2026-01-12,Produccion,1949.23,34
2110,LOTE-018,2026-02-21,Formacion,1836.37,108
2111,LOTE-050,2026-02-19,Rejuvenecimiento,82.47,102
2112,LOTE-032,2026-05-12,Produccion,4745.78,-5
2113,LOTE-017,2026-12-06,Produccion,182.93,69
2114,LOTE-037,2026-09-06,Sanidad,1310.84,115
2115,LOTE-040,2026-03-26,Produccion,342.48,52
2116,LOTE-047,2026-03-03,Rejuvenecimiento,1714.26,54
2117,LOTE-050,2026-01-22,Sanidad,97.9,15
2118,LOTE-018,2026-04-27,Formacion,-691.25,39
2119,LOTE-010,2026-09-09,Rejuvenecimiento,1551.01,23
2120,LOTE-050,2026-02-16,Formacion,1826.0,115
2121,LOTE-019,2026-02-20,Produccion,374.66,22
2122,LOTE-046,2026-04-18,Produccion,936.37,15
2123,LOTE-047,2026-07-15,Produccion,505.11,70
2124,LOTE-026,2026-07-08,Sanidad,955.15,120
2125,LOTE-036,2026-09-10,Rejuvenecimiento,1490.89,-5
2126,LOTE-037,2026-04-22,Sanidad,1929.36,97
2127,LOTE-046,2026-12-06,Formacion,418.24,50
2128,LOTE-026,2026-04-11,Rejuvenecimiento,1874.28,50
2129,LOTE-016,2026-03-28,Sanidad,1751.87,24
2130,LOTE-044,2026-03-27,Sanidad,1589.36,31
2131,LOTE-004,2026-03-09,Rejuvenecimiento,1184.61,94
2132,LOTE-041,2026-06-25,Formacion,206.29,86
2133,LOTE-011,2026-02-13,Formacion,955.29,28
2134,LOTE-018,2026-07-22,Formacion,1636.7,50
2135,LOTE-022,2026-03-13,Rejuvenecimiento,1653.09,14
2136,LOTE-024,2026-04-08,Sanidad,1664.48,-5
2137,LOTE-030,2026-07-28,Rejuvenecimiento,1191.47,90
2138,LOTE-035,2026-04-26,Sanidad,135.37,8
2139,LOTE-026,2026-10-13,Rejuvenecimiento,676.31,26
2140,LOTE-024,2026-05-21,Produccion,1031.71,72
2141,LOTE-017,2026-06-13,Produccion,1323.68,87
2142,LOTE-009,2026-12-08,Formacion,1568.29,95
2143,LOTE-043,2026-09-11,Sanidad,1256.48,38
2144,LOTE-023,2026-09-15,Formacion,499.96,35
2145,LOTE-018,2026-08-15,Produccion,1431.86,9
2146,LOTE-028,2026-12-22,Sanidad,365.12,12
2147,LOTE-023,2026-08-27,Formacion,802.67,57
2148,LOTE-049,2026-09-07,Formacion,1736.38,90
2149,LOTE-004,2026-10-19,Formacion,1497.31,12
2150,LOTE-009,2026-02-04,Produccion,740.28,66
2151,LOTE-013,2026-08-26,Formacion,1411.17,112
2152,LOTE-004,2026-07-14,Formacion,1358.71,45
2153,LOTE-028,2026-06-23,Rejuvenecimiento,1920.76,12
2154,LOTE-027,2026-03-30,Produccion,1569.07,-5
2155,LOTE-038,2026-07-09,Sanidad,1164.54,112
2156,LOTE-011,2026-11-12,Sanidad,1089.46,27
2157,LOTE-017,2026-09-01,Produccion,189.12,45
2158,LOTE-034,2026-05-28,Formacion,1985.91,97
2159,LOTE-014,2026-06-16,Sanidad,3652.43,-5
2160,LOTE-046,2026-10-31,Rejuvenecimiento,255.3,106
2161,LOTE-020,2026-11-26,Formacion,1794.32,29
2162,LOTE-033,2026-10-27,Sanidad,1122.83,102
2163,LOTE-023,2026-02-24,Produccion,1377.74,48
2164,LOTE-030,2026-04-02,Produccion,601.22,7
2165,LOTE-019,2026-03-11,Sanidad,149.56,75
2166,LOTE-027,2026-01-05,Rejuvenecimiento,1818.2,40
2167,LOTE-025,2026-08-30,Rejuvenecimiento,1286.48,83
2168,LOTE-015,2027-01-01,Produccion,1372.32,106
2169,LOTE-032,2026-05-02,Produccion,1600.27,100
2170,LOTE-022,2026-05-22,Sanidad,822.9,53
2171,LOTE-046,2026-04-09,Sanidad,1366.82,43
2172,LOTE-016,2026-08-04,Produccion,1613.1,112
2173,LOTE-023,2026-03-09,Rejuvenecimiento,1567.55,75
2174,LOTE-021,2026-06-27,Produccion,661.14,23
2175,LOTE-021,2026-04-10,Formacion,1034.48,58
2176,LOTE-008,2026-10-12,Rejuvenecimiento,1741.97,99
2177,LOTE-046,2026-08-21,Formacion,1853.24,105
2178,LOTE-004,2026-11-20,Formacion,1578.23,119
2179,LOTE-017,2026-04-22,Rejuvenecimiento,1160.11,16
2180,LOTE-050,2026-02-13,Formacion,1447.9,44
2181,LOTE-013,2026-02-10,Formacion,1344.19,98
2182,LOTE-029,2026-04-28,Produccion,918.82,81
2183,LOTE-024,2026-01-10,Produccion,421.47,44
2184,LOTE-037,2026-09-14,Sanidad,884.63,119
2185,LOTE-047,2026-01-28,Formacion,1785.06,42
2186,LOTE-001,2026-02-26,Rejuvenecimiento,623.47,45
2187,LOTE-021,2026-12-07,Produccion,1672.74,36
2188,LOTE-022,2026-07-12,Sanidad,198.32,103
2189,LOTE-041,2026-07-09,Formacion,581.99,96
2190,LOTE-047,2026-09-10,Rejuvenecimiento,1136.59,58
2191,LOTE-035,2026-12-31,Produccion,1651.71,45
2192,LOTE-041,2026-04-05,Sanidad,1398.31,113
2193,LOTE-032,2026-12-30,Rejuvenecimiento,539.15,4
2194,LOTE-013,2026-05-29,Formacion,365.69,102
2195,LOTE-026,2026-02-26,Sanidad,761.92,68
2196,LOTE-008,2026-04-29,Formacion,261.01,88
2197,LOTE-028,2026-11-30,Formacion,1785.62,6
2198,LOTE-009,2026-09-12,Produccion,716.21,2
2199,LOTE-036,2026-01-03,Rejuvenecimiento,948.5,-5
2200,LOTE-018,2026-10-18,Formacion,270.17,97
2201,LOTE-050,2026-12-19,Formacion,1413.46,74
2202,LOTE-034,2026-03-21,Rejuvenecimiento,549.24,33
2203,LOTE-009,2026-10-09,Rejuvenecimiento,1683.37,72
2204,LOTE-036,2026-10-23,Rejuvenecimiento,409.73,4
2205,LOTE-023,2026-07-25,Produccion,1062.71,52
2206,LOTE-037,2026-03-23,Formacion,499.28,95
2207,LOTE-037,2026-11-26,Formacion,1552.86,80
2208,LOTE-024,2026-04-20,Sanidad,539.74,103
2209,LOTE-042,2026-01-03,Sanidad,753.74,48
2210,LOTE-013,2026-03-21,Formacion,641.03,-5
2211,LOTE-001,2026-04-12,Produccion,403.68,35
2212,LOTE-035,2026-01-24,Rejuvenecimiento,1822.18,7
2213,LOTE-010,2026-11-02,Rejuvenecimiento,152.44,48
2214,LOTE-017,2026-10-23,Sanidad,284.53,69
2215,LOTE-002,2026-07-01,Rejuvenecimiento,3927.49,-5
2216,LOTE-040,2026-07-14,Rejuvenecimiento,506.03,80
2217,LOTE-038,2026-03-28,Formacion,1845.93,62
2218,LOTE-002,2026-07-17,Formacion,1054.94,91
2219,LOTE-035,2026-07-01,Produccion,232.72,86
2220,LOTE-017,2026-01-01,Rejuvenecimiento,1653.57,89
2221,LOTE-046,2026-06-04,Rejuvenecimiento,670.89,-5
2222,LOTE-042,2026-05-17,Produccion,1399.12,84
2223,LOTE-016,2026-02-23,Rejuvenecimiento,1561.2,104
2224,LOTE-005,2026-05-31,Sanidad,934.99,71
2225,LOTE-006,2026-03-19,Rejuvenecimiento,685.02,110
2226,LOTE-024,2026-06-15,Produccion,631.22,15
2227,LOTE-021,2026-09-24,Formacion,1163.2,120
2228,LOTE-002,2026-03-15,Formacion,1807.7,56
2229,LOTE-008,2026-07-12,Rejuvenecimiento,654.4,109
2230,LOTE-048,2026-02-01,Sanidad,1108.3,16
2231,LOTE-013,2026-04-20,Produccion,1562.03,21
2232,LOTE-034,2026-07-28,Formacion,984.69,48
2233,LOTE-005,2026-11-24,Produccion,1478.55,51
2234,LOTE-018,2026-12-18,Sanidad,698.16,103
2235,LOTE-018,2026-10-29,Rejuvenecimiento,1267.31,107
2236,LOTE-003,2026-03-29,Produccion,782.01,26
2237,LOTE-037,2026-04-13,Produccion,960.08,42
2238,LOTE-015,2026-09-04,Rejuvenecimiento,999.57,74
2239,LOTE-003,2026-02-15,Formacion,1763.13,33
2240,LOTE-015,2026-02-05,Produccion,1140.83,92
2241,LOTE-030,2026-05-24,Rejuvenecimiento,1164.91,-5
2242,LOTE-025,2026-04-18,Rejuvenecimiento,913.9,50
2243,LOTE-032,2026-07-25,Produccion,401.09,85
2244,LOTE-027,2026-04-23,Rejuvenecimiento,268.18,98
2245,LOTE-028,2026-12-17,Rejuvenecimiento,875.09,85
2246,LOTE-011,2026-10-08,Sanidad,2931.23,-5
2247,LOTE-006,2026-01-23,Produccion,1188.0,22
2248,LOTE-014,2026-06-22,Formacion,1765.62,31
2249,LOTE-031,2026-01-05,Formacion,712.25,73
2250,LOTE-037,2026-04-06,Formacion,335.19,51
2251,LOTE-032,2026-12-12,Produccion,1000.47,48
2252,LOTE-016,2026-11-01,Formacion,376.44,115
2253,LOTE-006,2026-09-10,Formacion,405.06,56
2254,LOTE-040,2026-07-30,Sanidad,-592.87,98
2255,LOTE-001,2026-05-07,Sanidad,94.93,39
2256,LOTE-049,2026-06-11,Formacion,499.39,20
2257,LOTE-028,2026-03-23,Sanidad,1909.18,82
2258,LOTE-005,2026-07-19,Rejuvenecimiento,670.43,48
2259,LOTE-031,2026-04-30,Produccion,931.67,77
2260,LOTE-015,2026-11-06,Produccion,707.66,105
2261,LOTE-007,2026-02-14,Formacion,1266.39,53
2262,LOTE-041,2026-10-11,Rejuvenecimiento,1866.99,47
2263,LOTE-031,2026-09-01,Produccion,341.44,36
2264,LOTE-020,2026-02-24,Produccion,189.25,49
2265,LOTE-001,2026-08-07,Produccion,1893.39,30
2266,LOTE-007,2026-11-02,Produccion,399.81,49
2267,LOTE-027,2026-08-02,Rejuvenecimiento,1954.4,96
2268,LOTE-014,2026-07-29,Produccion,1656.12,112
2269,LOTE-021,2026-07-29,Rejuvenecimiento,1283.37,116
2270,LOTE-010,2026-09-28,Produccion,1869.24,29
2271,LOTE-031,2026-02-26,Produccion,243.14,105
2272,LOTE-026,2026-05-19,Produccion,974.65,24
2273,LOTE-034,2026-01-05,Rejuvenecimiento,1176.1,99
2274,LOTE-026,2026-12-19,Sanidad,592.52,25
2275,LOTE-003,2026-03-11,Sanidad,1787.61,112
2276,LOTE-019,2026-02-19,Produccion,132.42,106
2277,LOTE-022,2026-09-13,Sanidad,309.28,73
2278,LOTE-001,2026-07-07,Rejuvenecimiento,1796.61,40
2279,LOTE-035,2026-09-01,Sanidad,817.52,96
2280,LOTE-005,2026-07-24,Sanidad,853.99,74
2281,LOTE-044,2026-04-15,Formacion,1987.5,44
2282,LOTE-019,2026-05-05,Sanidad,1872.11,8
2283,LOTE-044,2026-09-27,Produccion,286.82,27
2284,LOTE-025,2026-08-04,Produccion,1366.04,48
2285,LOTE-023,2026-02-24,Produccion,1571.45,53
2286,LOTE-008,2026-07-29,Rejuvenecimiento,1459.64,13
2287,LOTE-006,2026-10-14,Produccion,1580.6,98
2288,LOTE-033,2026-10-07,Sanidad,208.97,-5
2289,LOTE-047,2026-07-10,Sanidad,1119.67,109
2290,LOTE-049,2026-12-19,Sanidad,815.82,101
2291,LOTE-050,2026-11-19,Formacion,1511.09,106
2292,LOTE-010,2026-07-26,Formacion,1092.17,7
2293,LOTE-002,2026-02-01,Produccion,455.88,101
2294,LOTE-017,2026-09-04,Produccion,1548.32,65
2295,LOTE-010,2026-05-15,Sanidad,943.36,97
2296,LOTE-020,2026-02-08,Produccion,780.24,10
2297,LOTE-008,2026-06-02,Rejuvenecimiento,95.41,93
2298,LOTE-006,2026-11-04,Produccion,1070.18,66
2299,LOTE-034,2026-03-25,Rejuvenecimiento,450.97,47
2300,LOTE-049,2026-10-25,Rejuvenecimiento,1872.78,19
2301,LOTE-003,2026-07-14,Formacion,1556.53,95
2302,LOTE-007,2026-04-10,Formacion,1238.0,68
2303,LOTE-027,2026-12-17,Produccion,1209.06,64
2304,LOTE-048,2026-08-24,Rejuvenecimiento,1896.16,77
2305,LOTE-039,2026-03-29,Sanidad,1626.67,116
2306,LOTE-040,2026-03-25,Rejuvenecimiento,1691.94,100
2307,LOTE-030,2026-02-01,Sanidad,1218.86,94
2308,LOTE-009,2026-07-21,Formacion,1114.02,65
2309,LOTE-013,2026-10-27,Formacion,1507.99,107
2310,LOTE-041,2026-05-22,Formacion,242.79,103
2311,LOTE-010,2026-06-13,Produccion,783.69,1
2312,LOTE-026,2026-05-08,Produccion,1272.74,57
2313,LOTE-046,2026-04-15,Rejuvenecimiento,1050.62,81
2314,LOTE-028,2026-08-15,Formacion,1902.78,64
2315,LOTE-030,2026-09-09,Rejuvenecimiento,1218.66,83
2316,LOTE-019,2026-04-07,Sanidad,547.53,110
2317,LOTE-046,2026-12-14,Produccion,175.66,46
2318,LOTE-028,2026-11-22,Sanidad,-319.55,10
2319,LOTE-004,2026-04-29,Formacion,1681.46,113
2320,LOTE-031,2026-11-18,Formacion,1523.18,22
2321,LOTE-014,2026-11-15,Formacion,621.72,77
2322,LOTE-012,2026-11-25,Produccion,1655.21,36
2323,LOTE-021,2026-02-09,Formacion,2213.59,-5
2324,LOTE-022,2026-04-04,Produccion,415.88,104
2325,LOTE-024,2026-02-08,Rejuvenecimiento,1198.53,23
2326,LOTE-013,2026-11-22,Sanidad,59.84,20
2327,LOTE-041,2027-01-01,Produccion,1489.92,70
2328,LOTE-049,2026-09-07,Sanidad,1471.15,38
2329,LOTE-020,2026-06-10,Formacion,1036.83,113
2330,LOTE-044,2026-01-23,Rejuvenecimiento,1277.64,10
2331,LOTE-010,2026-06-13,Produccion,834.81,21
2332,LOTE-035,2026-10-16,Sanidad,819.32,38
2333,LOTE-045,2026-08-17,Produccion,1047.28,42
2334,LOTE-042,2026-07-19,Formacion,1273.77,95
2335,LOTE-005,2026-03-05,Rejuvenecimiento,841.6,103
2336,LOTE-009,2026-01-08,Formacion,1368.27,77
2337,LOTE-011,2026-03-07,Rejuvenecimiento,1139.22,62
2338,LOTE-035,2026-11-10,Formacion,565.17,101
2339,LOTE-037,2026-01-06,Sanidad,1563.8,1
2340,LOTE-039,2026-11-29,Produccion,447.7,115
2341,LOTE-030,2026-02-05,Formacion,365.62,42
2342,LOTE-027,2026-05-06,Formacion,935.98,10
2343,LOTE-023,2026-10-13,Rejuvenecimiento,89.07,85
2344,LOTE-014,2026-03-05,Rejuvenecimiento,420.28,117
2345,LOTE-008,2026-09-09,Produccion,1064.03,66
2346,LOTE-003,2026-08-25,Rejuvenecimiento,1870.78,26
2347,LOTE-025,2026-11-07,Formacion,1513.36,111
2348,LOTE-033,2026-07-22,Sanidad,668.9,60
2349,LOTE-024,2026-08-13,Produccion,1740.96,16
2350,LOTE-028,2026-02-28,Formacion,103.24,40
2351,LOTE-027,2026-12-28,Rejuvenecimiento,1548.86,114
2352,LOTE-003,2026-12-26,Sanidad,956.6,57
2353,LOTE-001,2026-08-14,Rejuvenecimiento,658.1,-5
2354,LOTE-022,2026-09-30,Sanidad,2018.74,-5
2355,LOTE-005,2026-01-07,Formacion,170.01,50
2356,LOTE-004,2026-01-28,Rejuvenecimiento,369.57,13
2357,LOTE-034,2026-04-15,Formacion,1605.7,43
2358,LOTE-019,2026-05-04,Produccion,851.66,120
2359,LOTE-018,2026-10-12,Sanidad,670.33,69
2360,LOTE-010,2026-12-03,Rejuvenecimiento,1812.25,91
2361,LOTE-017,2026-04-25,Formacion,657.42,95
2362,LOTE-038,2026-10-20,Formacion,833.68,67
2363,LOTE-038,2026-12-25,Produccion,1122.46,117
2364,LOTE-044,2026-01-06,Rejuvenecimiento,840.37,113
2365,LOTE-015,2026-12-07,Produccion,1726.94,33
2366,LOTE-012,2026-12-26,Produccion,402.98,10
2367,LOTE-010,2026-01-30,Rejuvenecimiento,409.65,86
2368,LOTE-005,2026-09-06,Sanidad,1720.4,22
2369,LOTE-039,2026-02-07,Rejuvenecimiento,614.78,47
2370,LOTE-042,2026-08-04,Formacion,1932.64,4
2371,LOTE-026,2026-10-24,Rejuvenecimiento,1915.08,41
2372,LOTE-038,2026-03-28,Formacion,140.8,92
2373,LOTE-032,2026-01-06,Produccion,1034.27,31
2374,LOTE-045,2026-11-06,Formacion,616.71,101
2375,LOTE-036,2026-05-13,Rejuvenecimiento,719.91,84
2376,LOTE-038,2026-09-02,Produccion,1508.39,28
2377,LOTE-018,2026-02-01,Produccion,-289.06,81
2378,LOTE-032,2026-07-02,Rejuvenecimiento,1043.07,88
2379,LOTE-014,2026-08-27,Produccion,1692.16,66
2380,LOTE-049,2026-03-23,Produccion,265.5,75
2381,LOTE-016,2026-03-01,Produccion,1262.48,88
2382,LOTE-023,2026-01-18,Formacion,1009.7,28
2383,LOTE-032,2026-11-05,Sanidad,463.75,31
2384,LOTE-020,2026-07-16,Produccion,352.31,14
2385,LOTE-001,2026-02-10,Formacion,168.75,64
2386,LOTE-027,2026-03-06,Rejuvenecimiento,1105.56,67
2387,LOTE-009,2026-11-09,Rejuvenecimiento,1792.67,8
2388,LOTE-001,2026-01-04,Rejuvenecimiento,356.56,38
2389,LOTE-011,2026-03-10,Formacion,74.79,73
2390,LOTE-010,2026-12-18,Produccion,1807.79,20
2391,LOTE-012,2026-07-03,Sanidad,1270.42,62
2392,LOTE-024,2026-07-30,Formacion,724.44,15
2393,LOTE-050,2026-10-29,Produccion,1328.82,114
2394,LOTE-032,2026-11-09,Formacion,1892.66,28
2395,LOTE-010,2026-01-02,Produccion,535.3,105
2396,LOTE-023,2026-12-02,Produccion,892.96,15
2397,LOTE-038,2026-11-27,Produccion,1927.11,85
2398,LOTE-001,2026-05-01,Formacion,1764.5,107
2399,LOTE-040,2026-01-14,Formacion,92.49,77
2400,LOTE-035,2026-04-08,Sanidad,1622.37,86
2401,LOTE-037,2026-10-18,Sanidad,1591.81,100
2402,LOTE-015,2026-03-19,Rejuvenecimiento,1448.87,24
2403,LOTE-032,2026-11-05,Formacion,516.71,39
2404,LOTE-006,2026-03-05,Formacion,N/A,
2405,LOTE-031,2026-03-09,Sanidad,738.47,120
2406,LOTE-003,2026-05-29,Sanidad,1768.38,113
2407,LOTE-044,2026-07-20,Produccion,1761.94,59
2408,LOTE-030,2026-02-24,Rejuvenecimiento,1715.85,97
2409,LOTE-010,2026-11-01,Formacion,1826.2,74
2410,LOTE-014,2026-12-30,Formacion,1899.44,79
2411,LOTE-048,2026-09-04,Rejuvenecimiento,789.33,92
2412,LOTE-032,2026-09-30,Formacion,1895.44,119
2413,LOTE-041,2026-08-07,Formacion,813.17,75
2414,LOTE-045,2026-02-14,Formacion,1554.72,2
2415,LOTE-030,2026-09-06,Sanidad,280.89,64
2416,LOTE-034,2026-02-08,Sanidad,1726.89,58
2417,LOTE-016,2026-10-12,Sanidad,-950.15,18
2418,LOTE-022,2026-02-15,Sanidad,1117.69,55
2419,LOTE-042,2026-01-05,Produccion,1923.04,97
2420,LOTE-018,2026-10-24,Rejuvenecimiento,1892.49,7
2421,LOTE-021,2026-04-08,Formacion,1039.1,33
2422,LOTE-004,2026-07-08,Rejuvenecimiento,1807.06,88
2423,LOTE-039,2026-12-05,Sanidad,871.12,23
2424,LOTE-042,2026-11-21,Rejuvenecimiento,1049.0,62
2425,LOTE-038,2026-11-15,Rejuvenecimiento,1413.56,31
2426,LOTE-015,2026-04-04,Formacion,1917.78,98
2427,LOTE-018,2026-01-19,Sanidad,762.97,96
2428,LOTE-013,2026-05-18,Sanidad,769.92,68
2429,LOTE-037,2026-03-26,Rejuvenecimiento,1166.97,2
2430,LOTE-049,2026-03-10,Rejuvenecimiento,1869.69,102
2431,LOTE-014,2026-03-21,Produccion,1124.31,117
2432,LOTE-027,2026-01-06,Sanidad,1418.22,40
2433,LOTE-020,2026-04-10,Produccion,1990.79,68
2434,LOTE-016,2026-12-22,Formacion,150.12,84
2435,LOTE-007,2026-08-27,Produccion,1157.48,20
2436,LOTE-042,2026-12-12,Rejuvenecimiento,517.84,83
2437,LOTE-021,2026-11-07,Sanidad,1967.77,99
2438,LOTE-035,2026-12-20,Rejuvenecimiento,777.66,113
2439,LOTE-012,2026-11-28,Produccion,1430.35,27
2440,LOTE-031,2026-12-04,Sanidad,1007.7,45
2441,LOTE-047,2026-03-30,Produccion,1769.15,67
2442,LOTE-005,2026-04-07,Rejuvenecimiento,-199.27,64
2443,LOTE-003,2026-11-02,Produccion,883.58,69
2444,LOTE-025,2026-11-28,Produccion,287.6,11
2445,LOTE-033,2026-01-17,Formacion,638.83,120
2446,LOTE-025,2026-03-13,Rejuvenecimiento,320.64,58
2447,LOTE-001,2026-06-25,Produccion,746.41,11
2448,LOTE-024,2026-10-31,Rejuvenecimiento,1110.41,102
2449,LOTE-008,2026-12-22,Produccion,830.67,78
2450,LOTE-038,2026-01-02,Formacion,1145.07,33
2451,LOTE-012,2026-03-21,Produccion,699.49,63
2452,LOTE-038,2026-12-08,Produccion,516.64,103
2453,LOTE-042,2026-07-30,Rejuvenecimiento,416.13,48
2454,LOTE-027,2026-03-21,Formacion,323.79,63
2455,LOTE-046,2026-03-25,Sanidad,815.96,111
2456,LOTE-028,2026-01-20,Formacion,1434.1,69
2457,LOTE-036,2026-10-24,Produccion,1404.75,91
2458,LOTE-049,2026-01-06,Produccion,293.46,117
2459,LOTE-026,2026-07-21,Sanidad,664.5,103
2460,LOTE-038,2026-09-20,Produccion,1655.54,46
2461,LOTE-003,2026-02-02,Formacion,1057.81,109
2462,LOTE-035,2026-04-07,Formacion,568.47,63
2463,LOTE-001,2026-06-27,Sanidad,209.27,63
2464,LOTE-016,2026-02-01,Formacion,1503.85,50
2465,LOTE-015,2026-05-10,Formacion,1680.16,26
2466,LOTE-007,2027-01-01,Formacion,697.53,43
2467,LOTE-017,2026-10-11,Sanidad,165.46,42
2468,LOTE-009,2026-11-26,Sanidad,1060.98,83
2469,LOTE-013,2026-01-02,Formacion,1586.58,63
2470,LOTE-032,2026-04-15,Formacion,1419.14,72
2471,LOTE-033,2026-04-19,Produccion,1548.21,99
2472,LOTE-001,2026-07-22,Produccion,149.78,10
2473,LOTE-013,2026-01-12,Sanidad,1393.16,20
2474,LOTE-018,2026-08-13,Formacion,869.78,67
2475,LOTE-009,2026-10-24,Sanidad,722.57,35
2476,LOTE-021,2026-01-24,Sanidad,721.08,37
2477,LOTE-047,2026-07-16,Rejuvenecimiento,493.15,103
2478,LOTE-007,2026-02-18,Produccion,65.8,67
2479,LOTE-030,2026-06-09,Rejuvenecimiento,1717.79,32
2480,LOTE-050,2026-06-04,Sanidad,129.57,96
2481,LOTE-014,2026-06-07,Formacion,1071.51,120
2482,LOTE-030,2026-07-03,Formacion,448.03,76
2483,LOTE-002,2026-10-25,Formacion,354.52,91
2484,LOTE-007,2026-08-26,Produccion,1813.36,23
2485,LOTE-041,2026-12-27,Formacion,1249.84,51
2486,LOTE-026,2026-10-02,Rejuvenecimiento,1740.67,96
2487,LOTE-007,2026-10-24,Produccion,223.63,25
2488,LOTE-017,2026-07-29,Produccion,71.69,67
2489,LOTE-003,2026-08-27,Sanidad,N/A,
2490,LOTE-014,2026-10-25,Rejuvenecimiento,834.82,96
2491,LOTE-040,2026-01-16,Sanidad,1661.06,50
2492,LOTE-043,2026-04-21,Produccion,63.51,41
2493,LOTE-050,2026-06-23,Produccion,1432.79,30
2494,LOTE-003,2026-10-30,Formacion,1254.57,59
2495,LOTE-049,2026-02-21,Formacion,1244.5,70
2496,LOTE-022,2026-06-20,Sanidad,1861.73,107
2497,LOTE-002,2026-06-27,Formacion,1225.07,18
2498,LOTE-006,2026-03-25,Produccion,878.5,90
2499,LOTE-049,2026-03-29,Rejuvenecimiento,1938.7,35
2500,LOTE-019,2026-01-11,Formacion,627.12,63
